dataset,climate_variable,response_variable,model,primary_test,n,spearman_rho,spearman_p_value,sampling_effort_variable,latitude_control_variable,interpretation_note
5deg_stability_gbif,temperature_stability_index,species_richness,spearman_primary,True,369,0.02564573689800811,0.6233926004836665,occurrence_count,cell_latitude_center_climate,Descriptive cell-level association only; does not establish causation or account for all confounders.
5deg_stability_gbif,temperature_stability_index,species_richness,partial_spearman_control_occurrence_count,False,369,0.2891903532929757,1.53454168502648e-08,occurrence_count,cell_latitude_center_climate,Descriptive cell-level association only; does not establish causation or account for all confounders.
5deg_stability_gbif,temperature_stability_index,species_richness,partial_spearman_control_latitude,False,369,-0.015925674059310745,0.7604395690864479,occurrence_count,cell_latitude_center_climate,Descriptive cell-level association only; does not establish causation or account for all confounders.
5deg_stability_gbif,temperature_stability_index,species_richness,partial_spearman_control_occurrence_count_and_latitude,False,369,0.03801645895350649,0.4665781628946311,occurrence_count,cell_latitude_center_climate,Descriptive cell-level association only; does not establish causation or account for all confounders.
5deg_stability_gbif,bio1_sd_c,species_richness,spearman_primary,True,369,-0.02564573689800811,0.6233926004836665,occurrence_count,cell_latitude_center_climate,Descriptive cell-level association only; does not establish causation or account for all confounders.
5deg_stability_gbif,bio1_sd_c,species_richness,partial_spearman_control_occurrence_count,False,369,-0.2891903532929757,1.53454168502648e-08,occurrence_count,cell_latitude_center_climate,Descriptive cell-level association only; does not establish causation or account for all confounders.
5deg_stability_gbif,bio1_sd_c,species_richness,partial_spearman_control_latitude,False,369,0.015925674059310745,0.7604395690864479,occurrence_count,cell_latitude_center_climate,Descriptive cell-level association only; does not establish causation or account for all confounders.
5deg_stability_gbif,bio1_sd_c,species_richness,partial_spearman_control_occurrence_count_and_latitude,False,369,-0.03801645895350649,0.4665781628946311,occurrence_count,cell_latitude_center_climate,Descriptive cell-level association only; does not establish causation or account for all confounders.
10min_worldclim_gbif,delta_t_lgm_c,species_richness,spearman_primary,True,3519,0.02602833909088572,0.1226503066781993,occurrence_count,latitude,Descriptive cell-level association only; does not establish causation or account for all confounders.
10min_worldclim_gbif,delta_t_lgm_c,species_richness,partial_spearman_control_occurrence_count,False,3519,-0.0679180499707361,5.52565441783612e-05,occurrence_count,latitude,Descriptive cell-level association only; does not establish causation or account for all confounders.
10min_worldclim_gbif,delta_t_lgm_c,species_richness,partial_spearman_control_latitude,False,3519,-0.05380686947210054,0.0014077123297851165,occurrence_count,latitude,Descriptive cell-level association only; does not establish causation or account for all confounders.
10min_worldclim_gbif,delta_t_lgm_c,species_richness,partial_spearman_control_occurrence_count_and_latitude,False,3519,-0.009624005777327277,0.5681911048910829,occurrence_count,latitude,Descriptive cell-level association only; does not establish causation or account for all confounders.
10min_worldclim_gbif,delta_t_mh_c,species_richness,spearman_primary,True,3519,0.02098611350984009,0.21327316962880372,occurrence_count,latitude,Descriptive cell-level association only; does not establish causation or account for all confounders.
10min_worldclim_gbif,delta_t_mh_c,species_richness,partial_spearman_control_occurrence_count,False,3519,0.05140582500868588,0.0022854698231003752,occurrence_count,latitude,Descriptive cell-level association only; does not establish causation or account for all confounders.
10min_worldclim_gbif,delta_t_mh_c,species_richness,partial_spearman_control_latitude,False,3519,-0.005268961111206288,0.7546970303075696,occurrence_count,latitude,Descriptive cell-level association only; does not establish causation or account for all confounders.
10min_worldclim_gbif,delta_t_mh_c,species_richness,partial_spearman_control_occurrence_count_and_latitude,False,3519,0.07074351362963982,2.664915141459501e-05,occurrence_count,latitude,Descriptive cell-level association only; does not establish causation or account for all confounders.
