grid_cell_id,grid_lat_index,grid_lon_index,cell_latitude_center,cell_longitude_center,occurrence_count,species_richness
lat10_lon21,10,21,-37.5,-72.5,47,44
lat10_lon22,10,22,-37.5,-67.5,4,4
lat10_lon23,10,23,-37.5,-62.5,18,18
lat10_lon24,10,24,-37.5,-57.5,21,20
lat10_lon63,10,63,-37.5,137.5,30,23
lat10_lon64,10,64,-37.5,142.5,87,58
lat10_lon65,10,65,-37.5,147.5,108,70
lat10_lon66,10,66,-37.5,152.5,12,12
lat10_lon70,10,70,-37.5,172.5,37,35
lat10_lon71,10,71,-37.5,177.5,32,32
lat11_lon21,11,21,-32.5,-72.5,69,65
lat11_lon22,11,22,-32.5,-67.5,7,7
lat11_lon23,11,23,-32.5,-62.5,51,47
lat11_lon24,11,24,-32.5,-57.5,109,95
lat11_lon25,11,25,-32.5,-52.5,10,10
lat11_lon39,11,39,-32.5,17.5,670,409
lat11_lon40,11,40,-32.5,22.5,256,191
lat11_lon41,11,41,-32.5,27.5,310,208
lat11_lon42,11,42,-32.5,32.5,50,46
lat11_lon58,11,58,-32.5,112.5,1,1
lat11_lon59,11,59,-32.5,117.5,40,16
lat11_lon62,11,62,-32.5,132.5,2,2
lat11_lon63,11,63,-32.5,137.5,35,27
lat11_lon64,11,64,-32.5,142.5,4,4
lat11_lon65,11,65,-32.5,147.5,19,10
lat11_lon66,11,66,-32.5,152.5,140,84
lat12_lon21,12,21,-27.5,-72.5,6,6
lat12_lon22,12,22,-27.5,-67.5,4,4
lat12_lon23,12,23,-27.5,-62.5,1,1
lat12_lon24,12,24,-27.5,-57.5,25,24
lat12_lon25,12,25,-27.5,-52.5,37,35
lat12_lon26,12,26,-27.5,-47.5,62,57
lat12_lon39,12,39,-27.5,17.5,20,17
lat12_lon40,12,40,-27.5,22.5,8,8
lat12_lon41,12,41,-27.5,27.5,491,336
lat12_lon42,12,42,-27.5,32.5,535,400
lat12_lon45,12,45,-27.5,47.5,2,2
lat12_lon58,12,58,-27.5,112.5,5,2
lat12_lon59,12,59,-27.5,117.5,1,1
lat12_lon65,12,65,-27.5,147.5,1,1
lat12_lon66,12,66,-27.5,152.5,149,119
lat13_lon22,13,22,-22.5,-67.5,10,10
lat13_lon23,13,23,-22.5,-62.5,3,3
lat13_lon24,13,24,-22.5,-57.5,1,1
lat13_lon25,13,25,-22.5,-52.5,6,6
lat13_lon26,13,26,-22.5,-47.5,69,64
lat13_lon27,13,27,-22.5,-42.5,56,54
lat13_lon38,13,38,-22.5,12.5,14,14
lat13_lon39,13,39,-22.5,17.5,98,55
lat13_lon40,13,40,-22.5,22.5,2,2
lat13_lon41,13,41,-22.5,27.5,110,102
lat13_lon42,13,42,-22.5,32.5,583,399
lat13_lon44,13,44,-22.5,42.5,3,3
lat13_lon45,13,45,-22.5,47.5,17,14
lat13_lon47,13,47,-22.5,57.5,61,51
lat13_lon58,13,58,-22.5,112.5,1,1
lat13_lon65,13,65,-22.5,147.5,17,5
lat13_lon66,13,66,-22.5,152.5,4,4
lat13_lon68,13,68,-22.5,162.5,2,2
lat13_lon69,13,69,-22.5,167.5,4,4
lat14_lon22,14,22,-17.5,-67.5,2,2
lat14_lon23,14,23,-17.5,-62.5,1,1
lat14_lon24,14,24,-17.5,-57.5,4,4
lat14_lon25,14,25,-17.5,-52.5,3,3
lat14_lon26,14,26,-17.5,-47.5,7,7
lat14_lon27,14,27,-17.5,-42.5,21,21
lat14_lon28,14,28,-17.5,-37.5,3,3
lat14_lon38,14,38,-17.5,12.5,2,2
lat14_lon39,14,39,-17.5,17.5,32,27
lat14_lon40,14,40,-17.5,22.5,21,19
lat14_lon41,14,41,-17.5,27.5,51,37
lat14_lon42,14,42,-17.5,32.5,9,7
lat14_lon43,14,43,-17.5,37.5,2,2
lat14_lon45,14,45,-17.5,47.5,2,2
lat14_lon65,14,65,-17.5,147.5,20,20
lat15_lon20,15,20,-12.5,-77.5,7,7
lat15_lon21,15,21,-12.5,-72.5,1,1
lat15_lon22,15,22,-12.5,-67.5,3,3
lat15_lon26,15,26,-12.5,-47.5,3,3
lat15_lon27,15,27,-12.5,-42.5,1,1
lat15_lon28,15,28,-12.5,-37.5,5,5
lat15_lon40,15,40,-12.5,22.5,3,3
lat15_lon41,15,41,-12.5,27.5,7,7
lat15_lon42,15,42,-12.5,32.5,2,2
lat15_lon44,15,44,-12.5,42.5,3,3
lat15_lon45,15,45,-12.5,47.5,1,1
lat15_lon62,15,62,-12.5,132.5,2,2
lat16_lon19,16,19,-7.5,-82.5,3,3
lat16_lon20,16,20,-7.5,-77.5,2,2
lat16_lon23,16,23,-7.5,-62.5,1,1
lat16_lon24,16,24,-7.5,-57.5,2,1
lat16_lon27,16,27,-7.5,-42.5,2,2
lat16_lon28,16,28,-7.5,-37.5,11,10
lat16_lon29,16,29,-7.5,-32.5,8,7
lat16_lon43,16,43,-7.5,37.5,24,14
lat16_lon57,16,57,-7.5,107.5,36,30
lat16_lon58,16,58,-7.5,112.5,62,50
lat16_lon59,16,59,-7.5,117.5,5,5
lat17_lon17,17,17,-2.5,-92.5,3,3
lat17_lon19,17,19,-2.5,-82.5,5,5
lat17_lon20,17,20,-2.5,-77.5,27,27
lat17_lon24,17,24,-2.5,-57.5,2,2
lat17_lon27,17,27,-2.5,-42.5,5,5
lat17_lon28,17,28,-2.5,-37.5,6,6
lat17_lon41,17,41,-2.5,27.5,8,8
lat17_lon42,17,42,-2.5,32.5,35,31
lat17_lon43,17,43,-2.5,37.5,162,123
lat17_lon44,17,44,-2.5,42.5,2,2
lat17_lon47,17,47,-2.5,57.5,3,3
lat17_lon56,17,56,-2.5,102.5,1,1
lat17_lon59,17,59,-2.5,117.5,6,6
lat17_lon60,17,60,-2.5,122.5,1,1
lat18_lon20,18,20,2.5,-77.5,11,11
lat18_lon21,18,21,2.5,-72.5,17,16
lat18_lon25,18,25,2.5,-52.5,13,12
lat18_lon37,18,37,2.5,7.5,12,12
lat18_lon38,18,38,2.5,12.5,2,2
lat18_lon42,18,42,2.5,32.5,13,12
lat18_lon43,18,43,2.5,37.5,1,1
lat18_lon50,18,50,2.5,72.5,12,12
lat18_lon55,18,55,2.5,97.5,11,10
lat18_lon56,18,56,2.5,102.5,435,286
lat18_lon58,18,58,2.5,112.5,13,13
lat18_lon59,18,59,2.5,117.5,8,8
lat19_lon18,19,18,7.5,-87.5,2,2
lat19_lon19,19,19,7.5,-82.5,31,31
lat19_lon20,19,20,7.5,-77.5,33,31
lat19_lon21,19,21,7.5,-72.5,7,7
lat19_lon25,19,25,7.5,-52.5,14,14
lat19_lon35,19,35,7.5,-2.5,10,10
lat19_lon36,19,36,7.5,2.5,6,6
lat19_lon42,19,42,7.5,32.5,1,1
lat19_lon43,19,43,7.5,37.5,18,5
lat19_lon50,19,50,7.5,72.5,2,2
lat19_lon51,19,51,7.5,77.5,33,31
lat19_lon52,19,52,7.5,82.5,45,43
lat19_lon55,19,55,7.5,97.5,26,24
lat19_lon56,19,56,7.5,102.5,47,41
lat19_lon59,19,59,7.5,117.5,16,15
lat19_lon60,19,60,7.5,122.5,9,8
lat20_lon17,20,17,12.5,-92.5,1,1
lat20_lon18,20,18,12.5,-87.5,2,2
lat20_lon19,20,19,12.5,-82.5,12,12
lat20_lon20,20,20,12.5,-77.5,1,1
lat20_lon21,20,21,12.5,-72.5,7,7
lat20_lon22,20,22,12.5,-67.5,18,17
lat20_lon23,20,23,12.5,-62.5,10,10
lat20_lon32,20,32,12.5,-17.5,17,17
lat20_lon33,20,33,12.5,-12.5,10,5
lat20_lon35,20,35,12.5,-2.5,9,9
lat20_lon39,20,39,12.5,17.5,27,7
lat20_lon50,20,50,12.5,72.5,9,9
lat20_lon51,20,51,12.5,77.5,141,115
lat20_lon52,20,52,12.5,82.5,41,37
lat20_lon54,20,54,12.5,92.5,10,10
lat20_lon55,20,55,12.5,97.5,20,20
lat20_lon56,20,56,12.5,102.5,89,79
lat20_lon57,20,57,12.5,107.5,30,28
lat20_lon59,20,59,12.5,117.5,7,5
lat20_lon60,20,60,12.5,122.5,22,20
lat21_lon15,21,15,17.5,-102.5,3,3
lat21_lon16,21,16,17.5,-97.5,18,18
lat21_lon17,21,17,17.5,-92.5,1,1
lat21_lon18,21,18,17.5,-87.5,7,7
lat21_lon19,21,19,17.5,-82.5,1,1
lat21_lon20,21,20,17.5,-77.5,3,3
lat21_lon22,21,22,17.5,-67.5,2,2
lat21_lon23,21,23,17.5,-62.5,2,2
lat21_lon30,21,30,17.5,-27.5,1,1
lat21_lon31,21,31,17.5,-22.5,1,1
lat21_lon33,21,33,17.5,-12.5,1,1
lat21_lon4,21,4,17.5,-157.5,9,9
lat21_lon50,21,50,17.5,72.5,82,74
lat21_lon51,21,51,17.5,77.5,32,26
lat21_lon52,21,52,17.5,82.5,15,13
lat21_lon55,21,55,17.5,97.5,22,20
lat21_lon56,21,56,17.5,102.5,20,20
lat21_lon57,21,57,17.5,107.5,36,26
lat21_lon58,21,58,17.5,112.5,6,6
lat21_lon60,21,60,17.5,122.5,7,7
lat22_lon13,22,13,22.5,-112.5,1,1
lat22_lon14,22,14,22.5,-107.5,81,63
lat22_lon15,22,15,22.5,-102.5,7,7
lat22_lon18,22,18,22.5,-87.5,5,5
lat22_lon19,22,19,22.5,-82.5,3,3
lat22_lon32,22,32,22.5,-17.5,1,1
lat22_lon4,22,4,22.5,-157.5,16,16
lat22_lon46,22,46,22.5,52.5,2,2
lat22_lon47,22,47,22.5,57.5,23,22
lat22_lon49,22,49,22.5,67.5,2,2
lat22_lon50,22,50,22.5,72.5,40,33
lat22_lon51,22,51,22.5,77.5,26,25
lat22_lon52,22,52,22.5,82.5,2,2
lat22_lon53,22,53,22.5,87.5,16,15
lat22_lon54,22,54,22.5,92.5,4,4
lat22_lon55,22,55,22.5,97.5,12,11
lat22_lon56,22,56,22.5,102.5,3,3
lat22_lon57,22,57,22.5,107.5,3,3
lat22_lon58,22,58,22.5,112.5,243,160
lat22_lon59,22,59,22.5,117.5,18,17
lat22_lon60,22,60,22.5,122.5,407,300
lat23_lon13,23,13,27.5,-112.5,1,1
lat23_lon15,23,15,27.5,-102.5,5,5
lat23_lon16,23,16,27.5,-97.5,80,78
lat23_lon17,23,17,27.5,-92.5,1,1
lat23_lon19,23,19,27.5,-82.5,87,73
lat23_lon20,23,20,27.5,-77.5,1,1
lat23_lon32,23,32,27.5,-17.5,293,190
lat23_lon33,23,33,27.5,-12.5,37,32
lat23_lon42,23,42,27.5,32.5,56,41
lat23_lon43,23,43,27.5,37.5,430,24
lat23_lon45,23,45,27.5,47.5,1,1
lat23_lon46,23,46,27.5,52.5,5,4
lat23_lon47,23,47,27.5,57.5,7,7
lat23_lon48,23,48,27.5,62.5,3,3
lat23_lon50,23,50,27.5,72.5,1,1
lat23_lon51,23,51,27.5,77.5,12,10
lat23_lon52,23,52,27.5,82.5,18,13
lat23_lon53,23,53,27.5,87.5,7,7
lat23_lon54,23,54,27.5,92.5,13,13
lat23_lon55,23,55,27.5,97.5,1,1
lat23_lon56,23,56,27.5,102.5,6,5
lat23_lon57,23,57,27.5,107.5,4,4
lat23_lon59,23,59,27.5,117.5,32,31
lat23_lon60,23,60,27.5,122.5,214,166
lat23_lon61,23,61,27.5,127.5,9,9
lat24_lon11,24,11,32.5,-122.5,1,1
lat24_lon12,24,12,32.5,-117.5,88,81
lat24_lon13,24,13,32.5,-112.5,30,28
lat24_lon15,24,15,32.5,-102.5,1,1
lat24_lon16,24,16,32.5,-97.5,53,46
lat24_lon17,24,17,32.5,-92.5,10,10
lat24_lon18,24,18,32.5,-87.5,18,18
lat24_lon19,24,19,32.5,-82.5,18,16
lat24_lon20,24,20,32.5,-77.5,1,1
lat24_lon32,24,32,32.5,-17.5,27,22
lat24_lon34,24,34,32.5,-7.5,45,35
lat24_lon35,24,35,32.5,-2.5,37,33
lat24_lon40,24,40,32.5,22.5,1,1
lat24_lon41,24,41,32.5,27.5,4,1
lat24_lon42,24,42,32.5,32.5,271,151
lat24_lon43,24,43,32.5,37.5,224,127
lat24_lon50,24,50,32.5,72.5,10,10
lat24_lon51,24,51,32.5,77.5,9,9
lat24_lon56,24,56,32.5,102.5,15,13
lat24_lon57,24,57,32.5,107.5,4,4
lat24_lon58,24,58,32.5,112.5,21,20
lat24_lon59,24,59,32.5,117.5,19,16
lat24_lon60,24,60,32.5,122.5,70,40
lat24_lon62,24,62,32.5,132.5,9,9
lat24_lon63,24,63,32.5,137.5,7,6
lat25_lon11,25,11,37.5,-122.5,103,84
lat25_lon12,25,12,37.5,-117.5,4,4
lat25_lon13,25,13,37.5,-112.5,2,2
lat25_lon14,25,14,37.5,-107.5,6,6
lat25_lon15,25,15,37.5,-102.5,2,2
lat25_lon16,25,16,37.5,-97.5,5,5
lat25_lon17,25,17,37.5,-92.5,9,9
lat25_lon18,25,18,37.5,-87.5,5,5
lat25_lon19,25,19,37.5,-82.5,9,9
lat25_lon20,25,20,37.5,-77.5,28,25
lat25_lon21,25,21,37.5,-72.5,1,1
lat25_lon34,25,34,37.5,-7.5,10,8
lat25_lon35,25,35,37.5,-2.5,30,23
lat25_lon36,25,36,37.5,2.5,43,33
lat25_lon37,25,37,37.5,7.5,25,23
lat25_lon38,25,38,37.5,12.5,1,1
lat25_lon41,25,41,37.5,27.5,9,9
lat25_lon42,25,42,37.5,32.5,25,21
lat25_lon43,25,43,37.5,37.5,2,2
lat25_lon44,25,44,37.5,42.5,1,1
lat25_lon46,25,46,37.5,52.5,7,5
lat25_lon58,25,58,37.5,112.5,5,4
lat25_lon59,25,59,37.5,117.5,60,39
lat25_lon60,25,60,37.5,122.5,11,11
lat25_lon61,25,61,37.5,127.5,63,44
lat25_lon63,25,63,37.5,137.5,113,72
lat25_lon64,25,64,37.5,142.5,11,9
lat26_lon11,26,11,42.5,-122.5,12,10
lat26_lon13,26,13,42.5,-112.5,6,6
lat26_lon14,26,14,42.5,-107.5,2,2
lat26_lon15,26,15,42.5,-102.5,2,2
lat26_lon17,26,17,42.5,-92.5,3,3
lat26_lon18,26,18,42.5,-87.5,6,5
lat26_lon19,26,19,42.5,-82.5,5,5
lat26_lon20,26,20,42.5,-77.5,22,16
lat26_lon21,26,21,42.5,-72.5,38,29
lat26_lon23,26,23,42.5,-62.5,3,3
lat26_lon41,26,41,42.5,27.5,9,7
lat26_lon43,26,43,42.5,37.5,176,57
lat26_lon44,26,44,42.5,42.5,8,8
lat26_lon45,26,45,42.5,47.5,193,66
lat26_lon49,26,49,42.5,67.5,5,5
lat26_lon50,26,50,42.5,72.5,3,3
lat26_lon51,26,51,42.5,77.5,16,14
lat26_lon58,26,58,42.5,112.5,1,1
lat26_lon59,26,59,42.5,117.5,50,37
lat26_lon64,26,64,42.5,142.5,7,5
lat27_lon10,27,10,47.5,-127.5,2,2
lat27_lon11,27,11,47.5,-122.5,62,53
lat27_lon12,27,12,47.5,-117.5,1,1
lat27_lon13,27,13,47.5,-112.5,3,2
lat27_lon14,27,14,47.5,-107.5,1,1
lat27_lon16,27,16,47.5,-97.5,1,1
lat27_lon20,27,20,47.5,-77.5,1,1
lat27_lon21,27,21,47.5,-72.5,3,3
lat27_lon23,27,23,47.5,-62.5,1,1
lat27_lon37,27,37,47.5,7.5,1,1
lat27_lon43,27,43,47.5,37.5,115,38
lat28_lon11,28,11,52.5,-122.5,1,1
lat28_lon12,28,12,52.5,-117.5,1,1
lat28_lon13,28,13,52.5,-112.5,3,3
lat28_lon34,28,34,52.5,-7.5,1,1
lat28_lon36,28,36,52.5,2.5,519,132
lat28_lon37,28,37,52.5,7.5,51,31
lat28_lon43,28,43,52.5,37.5,19,14
lat28_lon44,28,44,52.5,42.5,11,11
lat28_lon50,28,50,52.5,72.5,3,3
lat28_lon51,28,51,52.5,77.5,4,4
lat28_lon52,28,52,52.5,82.5,68,36
lat28_lon53,28,53,52.5,87.5,80,38
lat28_lon56,28,56,52.5,102.5,1,1
lat28_lon59,28,59,52.5,117.5,25,22
lat29_lon37,29,37,57.5,7.5,103,45
lat29_lon38,29,38,57.5,12.5,135,52
lat29_lon39,29,39,57.5,17.5,15,9
lat29_lon40,29,40,57.5,22.5,4,4
lat29_lon42,29,42,57.5,32.5,72,31
lat29_lon43,29,43,57.5,37.5,1757,76
lat29_lon44,29,44,57.5,42.5,105,36
lat29_lon47,29,47,57.5,57.5,8,8
lat29_lon48,29,48,57.5,62.5,114,36
lat29_lon49,29,49,57.5,67.5,38,20
lat29_lon50,29,50,57.5,72.5,20,11
lat29_lon52,29,52,57.5,82.5,41,23
lat29_lon53,29,53,57.5,87.5,57,28
lat29_lon54,29,54,57.5,92.5,14,11
lat30_lon13,30,13,62.5,-112.5,1,1
lat30_lon37,30,37,62.5,7.5,113,36
lat30_lon38,30,38,62.5,12.5,29,18
lat30_lon39,30,39,62.5,17.5,26,26
lat30_lon40,30,40,62.5,22.5,948,112
lat30_lon41,30,41,62.5,27.5,411,140
lat30_lon42,30,42,62.5,32.5,30,8
lat30_lon45,30,45,62.5,47.5,17,13
lat30_lon47,30,47,62.5,57.5,4,4
lat30_lon49,30,49,62.5,67.5,5,4
lat30_lon51,30,51,62.5,77.5,1,1
lat30_lon6,30,6,62.5,-147.5,1,1
lat31_lon38,31,38,67.5,12.5,23,13
lat31_lon39,31,39,67.5,17.5,5,2
lat31_lon40,31,40,67.5,22.5,11,11
lat31_lon41,31,41,67.5,27.5,38,25
lat31_lon42,31,42,67.5,32.5,4,4
lat32_lon40,32,40,72.5,22.5,1,1
lat32_lon41,32,41,72.5,27.5,2,2
lat7_lon21,7,21,-52.5,-72.5,10,10
lat7_lon22,7,22,-52.5,-67.5,19,16
lat7_lon69,7,69,-52.5,167.5,2,2
lat8_lon21,8,21,-47.5,-72.5,7,7
lat8_lon69,8,69,-47.5,167.5,6,6
lat8_lon70,8,70,-47.5,172.5,12,11
lat9_lon21,9,21,-42.5,-72.5,15,14
lat9_lon22,9,22,-42.5,-67.5,1,1
lat9_lon23,9,23,-42.5,-62.5,5,5
lat9_lon65,9,65,-42.5,147.5,26,24
lat9_lon69,9,69,-42.5,167.5,16,16
lat9_lon70,9,70,-42.5,172.5,56,54
lat9_lon71,9,71,-42.5,177.5,9,9
