grid_cell_id,grid_lat_index_climate,grid_lon_index_climate,cell_latitude_center_climate,cell_longitude_center_climate,cell_area_km2,occurrence_count,species_richness,richness_rarefied_5,richness_rarefied_10,bio1_current_c,bio1_late_holocene_c,bio1_lgm_c,bio1_sd_c,temperature_stability_index
lat7_lon21,7,21,-52.5,-72.5,188172.9016548795,10,10,5.000000000000002,10.0,5.388501291319689,4.585529712242981,-4.373876488577225,4.4249263,0.18433431
lat7_lon22,7,22,-52.5,-67.5,188172.9016548795,19,16,4.824561403508772,9.21052631578947,5.9373655783473165,5.2481182842485365,-0.2018079055595475,2.7460318,0.26694915
lat7_lon69,7,69,-52.5,167.5,188172.9016548795,2,2,,,7.518750011920929,6.856250047683716,3.2296654113701413,1.8852429,0.34659126
lat8_lon21,8,21,-47.5,-72.5,208830.1979047364,7,7,5.0,,5.364221227996506,4.549097066312086,-2.1764791473791005,3.3790197,0.2283616
lat8_lon69,8,69,-47.5,167.5,208830.1979047364,6,6,4.999999999999999,,8.545454568212682,7.934999999133024,5.994816569464504,1.0874394,0.4790558
lat8_lon70,8,70,-47.5,172.5,208830.1979047364,12,11,4.8484848484848495,9.318181818181818,9.335135163487616,8.78648649679648,7.339551066740965,0.841757,0.54295975
lat9_lon21,9,21,-42.5,-72.5,227898.1702534172,15,14,4.9047619047619015,9.571428571428571,8.439946733365522,7.757523310009871,2.53338290565933,2.638283,0.27485493
lat9_lon22,9,22,-42.5,-67.5,227898.1702534172,1,1,,,11.750900900041737,11.083445945301571,6.582614870799913,2.2952647,0.30346575
lat9_lon23,9,23,-42.5,-62.5,227898.1702534172,5,5,5.0,,14.692397658587897,13.88713448507744,10.8069098554216,1.6744236,0.37391233
lat9_lon65,9,65,-42.5,147.5,227898.1702534172,26,24,4.9115384615384645,9.630769230769234,11.15709877161332,10.693827187573469,8.225780815804029,1.2866191,0.43732688
lat9_lon69,9,69,-42.5,167.5,227898.1702534172,16,16,4.999999999999998,10.0,6.912037021583981,6.274074087540309,4.318399221414882,1.1034601,0.47540718
lat9_lon70,9,70,-42.5,172.5,227898.1702534172,56,54,4.98701298701301,9.941558441558456,9.490726798399349,8.820300753552813,8.249173895706058,0.50740194,0.6633931
lat9_lon71,9,71,-42.5,177.5,227898.1702534172,9,9,5.0,,12.738554288105792,12.055421668362904,10.38021272076063,0.990778,0.5023162
lat10_lon21,10,21,-37.5,-72.5,245231.6999177919,47,44,4.9636139377119886,9.840888066604997,9.846488305158838,9.318729086140523,7.148700901538585,1.1674097,0.46138024
lat10_lon22,10,22,-37.5,-67.5,245231.6999177919,4,4,,,14.38100003083547,13.6291111044089,10.37944999232888,1.7364727,0.36543396
lat10_lon23,10,23,-37.5,-62.5,245231.6999177919,18,18,4.999999999999998,10.0,15.022781768862863,14.44412471007386,12.767279464933608,0.95649505,0.5111181
lat10_lon24,10,24,-37.5,-57.5,245231.6999177919,21,20,4.952380952380953,9.785714285714285,14.936153839796017,14.344102575840092,12.546325975920492,1.0161912,0.4959847
lat10_lon63,10,63,-37.5,137.5,245231.6999177919,30,23,4.574221436290407,8.525139994105517,15.3992307809683,14.786153822678786,13.0260819398331,1.0058469,0.49854252
lat10_lon64,10,64,-37.5,142.5,245231.6999177919,87,58,4.566491610508793,8.490285688435566,14.636334914920075,14.081200655414406,11.329055932321047,1.4460893,0.40881583
lat10_lon65,10,65,-37.5,147.5,245231.6999177919,108,70,4.716107751617367,8.938350306041396,13.311624210351592,12.757324874021446,9.837099533848448,1.5241495,0.39617306
lat10_lon66,10,66,-37.5,152.5,245231.6999177919,12,12,5.000000000000002,10.0,16.072413707601612,15.306896637225972,13.274892483117446,1.180451,0.45862073
lat10_lon70,10,70,-37.5,172.5,245231.6999177919,37,35,4.956241956241954,9.81274131274131,14.56513159526022,13.853289428510164,12.609385627110798,0.8082188,0.55303043
lat10_lon71,10,71,-37.5,177.5,245231.6999177919,32,32,5.0,9.999999999999996,12.816346142536554,12.085256406894096,11.057992634497916,0.7212312,0.58097947
lat11_lon21,11,21,-32.5,-72.5,260698.8682708433,69,65,4.982949701619821,9.92327365728901,10.951367805159926,10.102431628773822,9.181894891351396,0.7225814,0.5805241
lat11_lon22,11,22,-32.5,-67.5,260698.8682708433,7,7,5.0,,14.213555578456983,13.473333347108628,11.161497683930728,1.2998961,0.43480223
lat11_lon23,11,23,-32.5,-62.5,260698.8682708433,51,47,4.968627450980385,9.858823529411756,17.359666664335464,16.73677778032091,15.251644745932683,0.88426787,0.5307101
lat11_lon24,11,24,-32.5,-57.5,260698.8682708433,109,95,4.968004918946372,9.858131962767809,17.81605923637442,17.335763079701902,14.658728363249036,1.389082,0.41857082
lat11_lon25,11,25,-32.5,-52.5,260698.8682708433,10,10,5.000000000000002,10.0,18.10882918345036,17.682917461285435,15.360267516493346,1.2078767,0.45292383
lat11_lon39,11,39,-32.5,17.5,260698.8682708433,670,409,4.973717069082891,9.883027055730215,16.920227925661962,16.238176622961323,14.699024081230164,0.92903364,0.5183943
lat11_lon40,11,40,-32.5,22.5,260698.8682708433,256,191,4.957558592315806,9.81440252236706,16.426726330271766,15.853580551684056,12.51653646752322,1.7241405,0.36708823
lat11_lon41,11,41,-32.5,27.5,260698.8682708433,310,208,4.868305303359488,9.468165700207248,15.773508791337932,15.200350880204583,12.124784086242554,1.6021101,0.38430348
lat11_lon42,11,42,-32.5,32.5,260698.8682708433,50,46,4.967346938775508,9.853061224489789,19.38666674296061,18.783333269755044,17.428479947541888,0.8188158,0.54980826
lat11_lon58,11,58,-32.5,112.5,260698.8682708433,1,1,,,18.237500190734863,17.6875,16.518755833307903,0.71667016,0.5825231
lat11_lon59,11,59,-32.5,117.5,260698.8682708433,40,16,3.646010382852489,5.797357847480187,17.278606370492202,16.722371636509603,14.605158794060182,1.1517769,0.46473223
lat11_lon62,11,62,-32.5,132.5,260698.8682708433,2,2,,,18.05505884955911,17.595764694213866,16.0153469144499,0.873632,0.53372276
lat11_lon63,11,63,-32.5,137.5,260698.8682708433,35,27,4.663643756622879,8.777254839644424,17.822025902279695,17.315901078941966,14.833819755978055,1.3058103,0.433687
lat11_lon64,11,64,-32.5,142.5,260698.8682708433,4,4,,,18.75144445631239,18.21644446267022,14.922131363550822,1.6932008,0.3713054
lat11_lon65,11,65,-32.5,147.5,260698.8682708433,19,10,3.5514275885792914,5.999989174911774,17.309666652679443,16.793888903723822,12.895317662027146,1.9706559,0.336626
lat11_lon66,11,66,-32.5,152.5,260698.8682708433,140,84,4.556229425277527,8.387300221857398,15.851724150145582,15.180788178749273,12.418684801155472,1.4856771,0.40230486
lat12_lon21,12,21,-27.5,-72.5,274181.96082207304,6,6,4.999999999999999,,15.845365818753477,15.020000005386224,16.56361113722603,0.63068223,0.61324024
lat12_lon22,12,22,-27.5,-67.5,274181.96082207304,4,4,,,9.085333342916435,8.157777778539392,6.516372676115974,1.0621848,0.4849226
lat12_lon23,12,23,-27.5,-62.5,274181.96082207304,1,1,,,20.871333369149102,20.082666663063897,18.7484580983056,0.87614733,0.5330072
lat12_lon24,12,24,-27.5,-57.5,274181.96082207304,25,24,4.966666666666666,9.849999999999998,21.15311109330919,20.476333351135253,18.42525959014893,1.1597943,0.46300706
lat12_lon25,12,25,-27.5,-52.5,274181.96082207304,37,35,4.969969969969968,9.86486486486486,18.606888870663116,18.579444448682995,15.464251735475328,1.4750272,0.404036
lat12_lon26,12,26,-27.5,-47.5,274181.96082207304,62,57,4.968535166578531,9.86039132734003,19.03811479005657,18.714754128065263,17.72732323548925,0.55754983,0.64203405
lat12_lon39,12,39,-27.5,17.5,274181.96082207304,20,17,4.842105263157893,9.289473684210522,19.57713921499435,18.878160913937545,16.421332605310642,1.353337,0.42492852
lat12_lon40,12,40,-27.5,22.5,274181.96082207304,8,8,4.999999999999999,,19.555777768029103,18.788666666878598,14.929219199286567,2.0245395,0.33062884
lat12_lon41,12,41,-27.5,27.5,274181.96082207304,491,336,4.98068392557596,9.913473113028791,16.004777805010477,15.379777770572238,10.354276560871318,2.529261,0.28334543
lat12_lon42,12,42,-27.5,32.5,274181.96082207304,535,400,4.985156178992719,9.9336990007313,18.95000002840732,18.449787225114537,15.55856635980308,1.4948502,0.40082568
lat12_lon45,12,45,-27.5,47.5,274181.96082207304,2,2,,,23.511428506033763,23.091428429739818,20.579062537143106,1.2947395,0.4357793
lat12_lon58,12,58,-27.5,112.5,274181.96082207304,5,2,2.0,,22.037810937682195,21.537810966150083,20.272449978709925,0.74293995,0.5737432
lat12_lon59,12,59,-27.5,117.5,274181.96082207304,1,1,,,22.077444424099397,21.65566666497125,18.287410019768608,1.695989,0.37092137
lat12_lon65,12,65,-27.5,147.5,274181.96082207304,1,1,,,20.811666668785943,20.215444429185656,16.266260691748727,2.016935,0.3314622
lat12_lon66,12,66,-27.5,152.5,274181.96082207304,149,119,4.822718400960273,9.338118510849716,19.14708733790129,18.45744337310297,15.261336495910866,1.6927875,0.37136236
lat13_lon22,13,22,-22.5,-67.5,285578.36309585243,10,10,5.000000000000002,10.0,7.635888897404075,6.648222218917476,4.502004991335755,1.3082203,0.43323418
lat13_lon23,13,23,-22.5,-62.5,285578.36309585243,3,3,,,22.218000015682644,21.45844443904029,19.59107244518068,1.1037688,0.4753374
lat13_lon24,13,24,-22.5,-57.5,285578.36309585243,1,1,,,23.862444428337945,23.47722221162584,21.368316389719645,1.0962844,0.4770345
lat13_lon25,13,25,-22.5,-52.5,285578.36309585243,6,6,4.999999999999999,,22.63755558225844,22.31455556657579,19.11025186114841,1.5921252,0.38578385
lat13_lon26,13,26,-22.5,-47.5,285578.36309585243,69,64,4.966657065752424,9.855465754232796,21.07757792141226,20.634412448754983,17.04181927892897,1.8070992,0.35623962
lat13_lon27,13,27,-22.5,-42.5,285578.36309585243,56,54,4.98701298701301,9.941558441558456,21.696808528900146,21.352340479100004,18.67959550259889,1.3484888,0.42580575
lat13_lon38,13,38,-22.5,12.5,285578.36309585243,14,14,4.999999999999996,9.999999999999998,21.08994410424259,20.214525126878108,20.36318319990435,0.38248298,0.7233362
lat13_lon39,13,39,-22.5,17.5,285578.36309585243,98,55,4.609067055898449,8.518254858537343,20.28600000593397,19.5263333829244,16.479415776994493,1.6448872,0.37808797
lat13_lon40,13,40,-22.5,22.5,285578.36309585243,2,2,,,21.453444459703235,20.95766667471992,16.78418220202128,2.0940597,0.32319996
lat13_lon41,13,41,-22.5,27.5,285578.36309585243,110,102,4.986655546288636,9.93994995829857,20.67455556233724,20.181000011232165,15.869297885894776,2.158314,0.31662464
lat13_lon42,13,42,-22.5,32.5,285578.36309585243,583,399,4.983139257215218,9.924542794082331,22.804916203887768,22.03251396584111,19.562160586251157,1.3830206,0.41963547
lat13_lon44,13,44,-22.5,42.5,285578.36309585243,3,3,,,24.234716955220925,23.666415182149635,20.371666722181367,1.7029873,0.36996105
lat13_lon45,13,45,-22.5,47.5,285578.36309585243,17,14,4.720588235294117,8.852941176470587,21.182065165561177,20.544384076975398,17.269733977234736,1.7138749,0.36847684
lat13_lon47,13,47,-22.5,57.5,285578.36309585243,61,51,4.940168565342209,9.732842456237847,22.651724091891584,22.21034470919905,19.803050156795617,1.2518797,0.44407347
lat13_lon58,13,58,-22.5,112.5,285578.36309585243,1,1,,,24.650838020793557,24.103351987274,22.70551624752226,0.8190755,0.54972976
lat13_lon65,13,65,-22.5,147.5,285578.36309585243,17,5,2.1764705882352944,3.3529411764705888,22.779061795372165,22.46624715704667,18.47753146807353,1.9581984,0.33804357
lat13_lon66,13,66,-22.5,152.5,285578.36309585243,4,4,,,22.380808155946056,21.809595936476583,19.80907935268545,1.1026301,0.47559482
lat13_lon68,13,68,-22.5,162.5,285578.36309585243,2,2,,,23.399999883439804,22.78888893127441,21.239067775447197,0.9095194,0.52369195
lat13_lon69,13,69,-22.5,167.5,285578.36309585243,4,4,,,22.81160717351096,22.181249942098344,20.672404253482817,0.89753705,0.52699894
lat14_lon22,14,22,-17.5,-67.5,294801.34158954216,2,2,,,11.425222256084282,10.62577776544624,6.212195854106168,2.2923656,0.303733
lat14_lon23,14,23,-17.5,-62.5,294801.34158954216,1,1,,,23.288999989827477,22.678222229215837,20.75655157883962,1.0790511,0.48098868
lat14_lon24,14,24,-17.5,-57.5,294801.34158954216,4,4,,,25.537555548350017,25.116666685740157,23.161817508273653,1.0350907,0.4913786
lat14_lon25,14,25,-17.5,-52.5,294801.34158954216,3,3,,,24.22666666454739,24.01877777735392,20.5038158331977,1.7080786,0.3692655
lat14_lon26,14,26,-17.5,-47.5,294801.34158954216,7,7,5.0,,22.94711111704509,22.899666652679443,18.675417487886214,2.0026066,0.33304396
lat14_lon27,14,27,-17.5,-42.5,294801.34158954216,21,21,5.000000000000001,10.0,22.859666663275824,22.771666658189563,19.09645440949334,1.7536215,0.3631581
lat14_lon28,14,28,-17.5,-37.5,294801.34158954216,3,3,,,24.577536140663035,24.454347831615504,22.17836108040617,1.1030933,0.47549012
lat14_lon38,14,38,-17.5,12.5,294801.34158954216,2,2,,,22.37239488953864,21.570018290601656,19.581904477252927,1.1729944,0.46019447
lat14_lon39,14,39,-17.5,17.5,294801.34158954216,32,27,4.881048387096774,9.479838709677416,21.89233336130778,20.79555552588569,17.57222959200541,1.8335166,0.35291836
lat14_lon40,14,40,-17.5,22.5,294801.34158954216,21,19,4.904761904761906,9.571428571428571,22.275777863396534,21.718444408840604,18.085533629523383,1.8579202,0.3499048
lat14_lon41,14,41,-17.5,27.5,294801.34158954216,51,37,4.818847964717797,9.234441010446725,21.46011113272773,20.933999989827477,17.561912763383653,1.7270308,0.3666992
lat14_lon42,14,42,-17.5,32.5,294801.34158954216,9,7,4.444444444444444,,21.759666673872207,20.793222258885702,17.569569758309257,1.791426,0.35823986
lat14_lon43,14,43,-17.5,37.5,294801.34158954216,2,2,,,23.787132319282083,23.08161767090068,21.01217582531653,1.1776023,0.45922068
lat14_lon45,14,45,-17.5,47.5,294801.34158954216,2,2,,,22.488055878703445,21.841296043299053,18.25256133655419,1.8629943,0.34928468
lat14_lon65,14,65,-17.5,147.5,294801.34158954216,20,20,4.999999999999998,9.999999999999996,23.256538523160494,22.753846153846155,20.582248880081817,1.1604769,0.46286076
lat15_lon20,15,20,-12.5,-77.5,301780.7038678185,7,7,5.0,,12.95978257448777,12.142663042182509,9.851652434272353,1.3155855,0.4318562
lat15_lon21,15,21,-12.5,-72.5,301780.7038678185,1,1,,,16.0368888841735,15.20966668188572,10.874842583409071,2.2637658,0.30639455
lat15_lon22,15,22,-12.5,-67.5,301780.7038678185,3,3,,,24.08300012906392,23.383666608929637,21.549554764777422,1.0682998,0.48348892
lat15_lon26,15,26,-12.5,-47.5,301780.7038678185,3,3,,,25.13466669506497,24.761555580563016,20.83221740616693,1.9462209,0.33941787
lat15_lon27,15,27,-12.5,-42.5,301780.7038678185,1,1,,,24.22077778498332,23.94388889312744,19.797752057181462,2.0229318,0.33080468
lat15_lon28,15,28,-12.5,-37.5,301780.7038678185,5,5,5.0,,24.810379762287383,24.34658228717273,20.911473153094494,1.7389829,0.36509904
lat15_lon40,15,40,-12.5,22.5,301780.7038678185,3,3,,,21.140666698879667,20.58911114162869,17.315348468356664,1.6883521,0.3719751
lat15_lon41,15,41,-12.5,27.5,301780.7038678185,7,7,5.0,,20.83622224383884,20.32577778286404,15.569246164957685,2.371736,0.29658312
lat15_lon42,15,42,-12.5,32.5,301780.7038678185,2,2,,,21.383222244050767,20.679666625128853,16.2497969839308,2.2723162,0.30559394
lat15_lon44,15,44,-12.5,42.5,301780.7038678185,3,3,,,25.415894148365552,24.73642385874363,22.51898571382086,1.2369672,0.44703385
lat15_lon45,15,45,-12.5,47.5,301780.7038678185,1,1,,,23.734112204792343,23.032710293743097,21.13531325490851,1.0977672,0.4766973
lat15_lon62,15,62,-12.5,132.5,301780.7038678185,2,2,,,27.03209675819643,26.670000051682997,23.921328883017264,1.3889718,0.41859013
lat16_lon19,16,19,-7.5,-82.5,306463.3327694898,3,3,,,23.89253747285302,23.17761184920126,22.722648602440245,0.4815196,0.67498267
lat16_lon20,16,20,-7.5,-77.5,306463.3327694898,2,2,,,18.959300876705537,18.13146068332496,15.11824432577317,1.6505389,0.37728176
lat16_lon23,16,23,-7.5,-62.5,306463.3327694898,1,1,,,25.37466664420234,24.632555565304227,22.15767437193129,1.3753709,0.42098686
lat16_lon24,16,24,-7.5,-57.5,306463.3327694898,2,1,,,24.9134444448683,24.10855557335748,21.45735244327121,1.476531,0.40379062
lat16_lon27,16,27,-7.5,-42.5,306463.3327694898,2,2,,,26.85633332782321,26.49544447157118,21.7688428179423,2.317891,0.30139628
lat16_lon28,16,28,-7.5,-37.5,306463.3327694898,11,10,4.818181818181818,9.18181818181818,26.18688710603094,25.59828961806259,20.688421572597,2.4650078,0.28859964
lat16_lon29,16,29,-7.5,-32.5,306463.3327694898,8,7,4.642857142857142,,26.2649998664856,25.63499994277954,22.313288446200097,1.7335478,0.36582497
lat16_lon43,16,43,-7.5,37.5,306463.3327694898,24,14,3.833333333333336,6.6697794678512174,23.211990429628955,22.758513180757884,19.521331084635985,1.6433691,0.37830508
lat16_lon57,16,57,-7.5,107.5,306463.3327694898,36,30,4.890289449112979,9.516806722689076,25.639426549275715,25.090322644907086,22.477765755575213,1.3793343,0.42028558
lat16_lon58,16,58,-7.5,112.5,306463.3327694898,62,50,4.926493918561606,9.67318878900053,26.047297303741043,25.555067558546323,22.900311285594725,1.3821698,0.41978538
lat16_lon59,16,59,-7.5,117.5,306463.3327694898,5,5,5.0,,26.387500101520168,25.752419394831502,23.852545488145616,1.0769733,0.4814698
lat17_lon17,17,17,-2.5,-92.5,308813.5906611655,3,3,,,22.68214287076677,22.12142859186445,20.34538361520478,0.9960578,0.5009875
lat17_lon19,17,19,-2.5,-82.5,308813.5906611655,5,5,5.0,,23.339610409427,22.65519482748849,22.075214188983185,0.5167742,0.65929395
lat17_lon20,17,20,-2.5,-77.5,308813.5906611655,27,27,4.999999999999996,10.0,21.40466661983066,20.920777757962544,17.73727737246961,1.626809,0.38069
lat17_lon24,17,24,-2.5,-57.5,308813.5906611655,2,2,,,25.870333326127795,24.415111122131343,21.86870464960734,1.6537799,0.37682098
lat17_lon27,17,27,-2.5,-42.5,308813.5906611655,5,5,5.0,,27.48283263030482,26.98862661107927,23.375340030098545,1.8309553,0.35323766
lat17_lon28,17,28,-2.5,-37.5,308813.5906611655,6,6,4.999999999999999,,27.201438766589263,26.75755385529223,23.238764355200846,1.7726848,0.36066127
lat17_lon41,17,41,-2.5,27.5,308813.5906611655,8,8,4.999999999999999,,21.775111179351807,20.984444372389053,17.359991631507874,1.922241,0.34220314
lat17_lon42,17,42,-2.5,32.5,308813.5906611655,35,31,4.93277310924369,9.697478991596642,21.568111101786297,20.917333331637916,17.036389484405518,2.0006037,0.33326626
lat17_lon43,17,43,-2.5,37.5,308813.5906611655,162,123,4.953668168580471,9.794775546403198,22.29718152350476,21.986358531835787,17.865716600565097,2.019741,0.33115423
lat17_lon44,17,44,-2.5,42.5,308813.5906611655,2,2,,,27.00515464900695,26.54432988904186,24.43501841464889,1.1188861,0.47194612
lat17_lon47,17,47,-2.5,57.5,308813.5906611655,3,3,,,26.835294050328876,26.06470601698932,24.09719207551744,1.1528766,0.4644948
lat17_lon56,17,56,-2.5,102.5,308813.5906611655,1,1,,,25.00591715412027,24.488017753736507,21.58564541890071,1.5051852,0.3991721
lat17_lon59,17,59,-2.5,117.5,308813.5906611655,6,6,4.999999999999999,,25.415261946397926,24.753302954324013,22.747775308456195,1.1341083,0.46857977
lat17_lon60,17,60,-2.5,122.5,308813.5906611655,1,1,,,24.74592758195972,24.113800896778365,21.603181372142974,1.3572705,0.42421946
lat18_lon20,18,20,2.5,-77.5,308813.5906611655,11,11,5.000000000000002,9.999999999999998,20.63913043389409,19.987267128429057,16.735322210013255,1.707493,0.3693454
lat18_lon21,18,21,2.5,-72.5,308813.5906611655,17,16,4.926470588235295,9.669117647058826,23.63955558511946,23.02677781263987,20.050453649828626,1.5675762,0.38947237
lat18_lon25,18,25,2.5,-52.5,308813.5906611655,13,12,4.871794871794873,9.423076923076923,25.464086283281976,24.35583755812669,21.91341075939792,1.4832757,0.40269393
lat18_lon37,18,37,2.5,7.5,308813.5906611655,12,12,5.000000000000002,10.0,25.26355559455024,24.530222329033744,22.412138299684266,1.2089775,0.45269814
lat18_lon38,18,38,2.5,12.5,308813.5906611655,2,2,,,22.93844442791409,22.266555527581108,18.884904482099746,1.7738278,0.36051264
lat18_lon42,18,42,2.5,32.5,308813.5906611655,13,12,4.871794871794873,9.423076923076923,23.011222219467165,22.859777759975856,19.42312271197637,1.6569045,0.37637785
lat18_lon43,18,43,2.5,37.5,308813.5906611655,1,1,,,25.11333328458998,24.97388886663649,21.332518027623493,1.750352,0.36358982
lat18_lon50,18,50,2.5,72.5,308813.5906611655,12,12,5.000000000000002,10.0,27.880232123441477,27.063953621442927,24.653555750846863,1.3698244,0.4219722
lat18_lon55,18,55,2.5,97.5,308813.5906611655,11,10,4.818181818181818,9.18181818181818,24.369004536538103,23.743891433353337,21.27126942790529,1.337518,0.4278042
lat18_lon56,18,56,2.5,102.5,308813.5906611655,435,286,4.9671332731542375,9.85423571622812,26.22610760036903,25.693829101852224,21.705206821229723,2.0174508,0.33140558
lat18_lon58,18,58,2.5,112.5,308813.5906611655,13,13,5.000000000000002,10.0,25.18624158833651,24.546644306822916,21.551784217622544,1.5842121,0.38696516
lat18_lon59,18,59,2.5,117.5,308813.5906611655,8,8,4.999999999999999,,24.619193575459143,23.87870966388333,20.77871233259725,1.6635836,0.37543404
lat19_lon18,19,18,7.5,-87.5,306463.3327694898,2,2,,,26.46363657171076,25.690908952192828,23.447878385844984,1.2790227,0.43878457
lat19_lon19,19,19,7.5,-82.5,306463.3327694898,31,31,4.999999999999998,10.0,24.088973353570857,23.51102658913616,21.06935217056745,1.3086851,0.43314698
lat19_lon20,19,20,7.5,-77.5,306463.3327694898,33,31,4.962121212121214,9.829545454545451,23.88911820889414,22.9673545758675,21.180414609419994,1.1244692,0.4707058
lat19_lon21,19,21,7.5,-72.5,306463.3327694898,7,7,5.0,,23.11292516779737,21.998866261538463,19.347927361701924,1.5791634,0.3877226
lat19_lon25,19,25,7.5,-52.5,306463.3327694898,14,14,4.999999999999996,9.999999999999998,26.10684920010501,25.51780820872686,23.35577827648525,1.1827339,0.45814103
lat19_lon35,19,35,7.5,-2.5,306463.3327694898,10,10,5.000000000000002,10.0,26.49841628570902,26.026470581330862,21.776514080925963,2.1234465,0.32015917
lat19_lon36,19,36,7.5,2.5,306463.3327694898,6,6,4.999999999999999,,26.32627842101184,25.65142044966871,21.8504656791687,1.9702113,0.3366764
lat19_lon42,19,42,7.5,32.5,306463.3327694898,1,1,,,25.86244446224637,24.841222262912325,21.291077637142607,1.9591329,0.33793682
lat19_lon43,19,43,7.5,37.5,306463.3327694898,18,5,2.1111111111111107,3.2222222222222223,19.116777754889597,18.161111085149976,14.324037892305189,2.0711453,0.3256114
lat19_lon50,19,50,7.5,72.5,306463.3327694898,2,2,,,28.042857306344168,27.216326460546377,24.493475491883324,1.5163985,0.39739335
lat19_lon51,19,51,7.5,77.5,306463.3327694898,33,31,4.962121212121214,9.829545454545451,27.305641017816004,26.790256412212667,23.06753949744464,1.8881427,0.3462433
lat19_lon52,19,52,7.5,82.5,306463.3327694898,45,43,4.979797979797976,9.909090909090908,26.756132026888288,26.24339615623906,23.0599716835022,1.6349887,0.37950826
lat19_lon55,19,55,7.5,97.5,306463.3327694898,26,24,4.9115384615384645,9.630769230769234,26.702702724795543,26.13590733885305,22.730487428060396,1.7542531,0.36307484
lat19_lon56,19,56,7.5,102.5,306463.3327694898,47,41,4.935861856305882,9.716003700277522,26.3283399821293,25.77651809198171,21.969850036833023,1.9376866,0.3404039
lat19_lon59,19,59,7.5,117.5,306463.3327694898,16,15,4.916666666666665,9.625,26.397560970293103,25.7780487412775,22.97189311754136,1.4904699,0.40153065
lat19_lon60,19,60,7.5,122.5,306463.3327694898,9,8,4.722222222222222,,26.377876152331147,25.665781690659426,22.515811170140903,1.6781253,0.3733955
lat20_lon17,20,17,12.5,-92.5,301780.7038678185,1,1,,,23.103092862158707,22.474226853282183,21.82174128439368,0.52313924,0.6565388
lat20_lon18,20,18,12.5,-87.5,301780.7038678185,2,2,,,24.162941192178167,23.431568598279767,21.696910093050917,1.0341532,0.49160504
lat20_lon19,20,19,12.5,-82.5,301780.7038678185,12,12,5.000000000000002,10.0,25.52319748498803,25.054231942634225,22.96367690621353,1.1126293,0.4733438
lat20_lon20,20,20,12.5,-77.5,301780.7038678185,1,1,,,27.18695648856785,26.10869556924571,24.4425255168568,1.128946,0.46971604
lat20_lon21,20,21,12.5,-72.5,301780.7038678185,7,7,5.0,,25.76812076088566,24.93489938134315,22.53619988115194,1.3700498,0.42193204
lat20_lon22,20,22,12.5,-67.5,301780.7038678185,18,17,4.934640522875816,9.705882352941176,25.35025124094594,24.50552759218456,21.93007961654663,1.4546502,0.40739003
lat20_lon23,20,23,12.5,-62.5,301780.7038678185,10,10,5.000000000000002,10.0,25.99761912936256,25.322619097573416,22.91330574085186,1.3238583,0.43031883
lat20_lon32,20,32,12.5,-17.5,301780.7038678185,17,17,5.000000000000001,10.000000000000002,27.213754653930664,26.844981431074743,24.24811984921995,1.3197085,0.4310887
lat20_lon33,20,33,12.5,-12.5,301780.7038678185,10,5,3.3928571428571432,5.0,27.716067380583688,27.25820222490289,23.05672020170424,2.0968657,0.32290712
lat20_lon35,20,35,12.5,-2.5,301780.7038678185,9,9,5.0,,28.29111114925808,27.43911112891303,22.93343851937188,2.350689,0.2984461
lat20_lon39,20,39,12.5,17.5,301780.7038678185,27,7,3.440232875015484,4.941070506745564,27.929555475446914,27.830444473690456,23.17125426610311,2.2200928,0.31055006
lat20_lon50,20,50,12.5,72.5,301780.7038678185,9,9,5.0,,26.83880595306852,26.185074421896864,23.90363778008355,1.2581967,0.4428312
lat20_lon51,20,51,12.5,77.5,301780.7038678185,141,115,4.962796301877458,9.834691622940628,26.25931203803699,25.59181495182313,20.71803423091098,2.4699314,0.28819013
lat20_lon52,20,52,12.5,82.5,301780.7038678185,41,37,4.95121951219513,9.780487804878051,28.413333066304524,27.696666781107584,24.25740515765022,1.8139542,0.3553718
lat20_lon54,20,54,12.5,92.5,301780.7038678185,10,10,5.000000000000002,10.0,27.22698390294635,26.64126986549014,23.91085809530671,1.4451028,0.4089808
lat20_lon55,20,55,12.5,97.5,301780.7038678185,20,20,4.999999999999998,9.999999999999996,26.52607530675909,25.966666606164747,22.24229400455952,1.9013058,0.3446724
lat20_lon56,20,56,12.5,102.5,301780.7038678185,89,79,4.964687466467023,9.84431890879274,27.05078866579555,26.3482649950575,21.364617602030435,2.5312014,0.28318974
lat20_lon57,20,57,12.5,107.5,301780.7038678185,30,28,4.954022988505752,9.793103448275868,25.853931029747272,25.267034588517813,20.70659869057792,2.3006535,0.30297032
lat20_lon59,20,59,12.5,117.5,301780.7038678185,7,5,3.8571428571428577,,27.59999981261136,26.99298266360634,23.72427834816349,1.702094,0.37008333
lat20_lon60,20,60,12.5,122.5,301780.7038678185,22,20,4.913419913419917,9.610389610389612,27.04754382685611,26.26526315923323,23.095446259342637,1.708761,0.36917248
lat21_lon4,21,4,17.5,-157.5,294801.34158954216,9,9,5.0,,18.70263164921811,18.178947398537083,16.251993274077392,1.0537249,0.48692018
lat21_lon15,21,15,17.5,-102.5,294801.34158954216,3,3,,,21.735656840551957,20.37774795501545,16.214440537602247,2.3490157,0.2985952
lat21_lon16,21,16,17.5,-97.5,294801.34158954216,18,18,4.999999999999998,10.0,20.554166694482166,19.75967266517026,13.386565411137818,3.2080147,0.23764177
lat21_lon17,21,17,17.5,-92.5,294801.34158954216,1,1,,,23.74043541191896,23.330482134366665,19.986174283969174,1.6814984,0.37292582
lat21_lon18,21,18,17.5,-87.5,294801.34158954216,7,7,5.0,,24.717680660944023,24.219771889226063,21.54211032772404,1.3945143,0.41762123
lat21_lon19,21,19,17.5,-82.5,294801.34158954216,1,1,,,26.43999985286168,26.03714278084891,23.42838064242993,1.3349067,0.42828265
lat21_lon20,21,20,17.5,-77.5,294801.34158954216,3,3,,,25.944303802297085,25.556962001172803,22.583167686018832,1.5015075,0.39975893
lat21_lon22,21,22,17.5,-67.5,294801.34158954216,2,2,,,26.03478257552437,25.714782548987348,22.237643803635688,1.7195334,0.36771014
lat21_lon23,21,23,17.5,-62.5,294801.34158954216,2,2,,,26.515492936255228,26.20563370073345,21.70946453191057,2.1961951,0.31287202
lat21_lon30,21,30,17.5,-27.5,294801.34158954216,1,1,,,22.15000009536743,21.46250009536743,18.10919033397328,1.7652663,0.3616288
lat21_lon31,21,31,17.5,-22.5,294801.34158954216,1,1,,,23.45000018013848,22.69444428549873,19.806983096258985,1.5698503,0.3891277
lat21_lon33,21,33,17.5,-12.5,294801.34158954216,1,1,,,29.51566671583388,27.96988887786865,23.20769232432048,2.684492,0.2714078
lat21_lon50,21,50,17.5,72.5,294801.34158954216,82,74,4.973012646793132,9.87940379403796,25.29511494472109,24.90431030865373,22.234172729400544,1.3602177,0.42368975
lat21_lon51,21,51,17.5,77.5,294801.34158954216,32,26,4.879032258064516,9.45564516129032,27.14344443851047,26.61866668701172,20.426401907602948,3.0502858,0.24689616
lat21_lon52,21,52,17.5,82.5,294801.34158954216,15,13,4.809523809523807,9.142857142857144,26.54131627475104,25.87531989409675,21.291156594838693,2.3338637,0.29995227
lat21_lon55,21,55,17.5,97.5,294801.34158954216,22,20,4.876623376623379,9.493506493506496,25.51813600525748,25.13979851749141,20.29649662017822,2.3773522,0.29608995
lat21_lon56,21,56,17.5,102.5,294801.34158954216,20,20,4.999999999999998,9.999999999999996,25.004333318074544,24.551888874901664,18.51177362124125,2.959749,0.25254127
lat21_lon57,21,57,17.5,107.5,294801.34158954216,36,26,4.717513899499192,8.857429335370512,24.14803313024296,23.54824019564358,19.815648394968115,1.9166391,0.34286037
lat21_lon58,21,58,17.5,112.5,294801.34158954216,6,6,4.999999999999999,,25.091666571299235,24.43833335240682,21.040080818636664,1.7760854,0.36021948
lat21_lon60,21,60,17.5,122.5,294801.34158954216,7,7,5.0,,25.10145451632413,24.44472726995295,20.49587261488761,2.0340471,0.32959276
lat22_lon4,22,4,22.5,-157.5,285578.36309585243,16,16,4.999999999999998,10.0,23.303174503265865,22.758730161757697,20.810457422926618,1.0700896,0.48307088
lat22_lon13,22,13,22.5,-112.5,285578.36309585243,1,1,,,23.96746989330613,23.366265078625048,21.39933659003033,1.0967408,0.47693068
lat22_lon14,22,14,22.5,-107.5,285578.36309585243,81,63,4.944444444444467,9.75000000000001,21.453956809832896,20.38597128202589,19.01395834170706,0.9986994,0.5003254
lat22_lon15,22,15,22.5,-102.5,285578.36309585243,7,7,5.0,,18.131000021828545,16.64611112170749,10.05535103003184,3.5096552,0.22174646
lat22_lon18,22,18,22.5,-87.5,285578.36309585243,5,5,5.0,,25.85135132042137,25.446486540098448,22.056615895848815,1.701475,0.37016812
lat22_lon19,22,19,22.5,-82.5,285578.36309585243,3,3,,,25.329032236529933,24.93064524281409,22.174930902832717,1.4024197,0.41624704
lat22_lon32,22,32,22.5,-17.5,285578.36309585243,1,1,,,24.906024074937445,24.018875543372214,21.522587156884462,1.432408,0.41111526
lat22_lon46,22,46,22.5,52.5,285578.36309585243,2,2,,,28.845981101899564,27.71654849356793,21.333125008477104,3.30768,0.2321435
lat22_lon47,22,47,22.5,57.5,285578.36309585243,23,22,4.960474308300397,9.82213438735178,28.72413271908307,27.679788776472503,21.96021864164125,2.9731143,0.25169173
lat22_lon49,22,49,22.5,67.5,285578.36309585243,2,2,,,26.97304348323656,26.28652169600777,22.80320895875053,1.8255075,0.3539187
lat22_lon50,22,50,22.5,72.5,285578.36309585243,40,33,4.910256410256412,9.59615384615384,26.67916154449877,26.392601711682413,22.233006123436823,2.0317657,0.32984078
lat22_lon51,22,51,22.5,77.5,285578.36309585243,26,25,4.969230769230772,9.861538461538464,25.97555554072062,25.581111115349664,19.43455180274116,2.9948196,0.2503242
lat22_lon52,22,52,22.5,82.5,285578.36309585243,2,2,,,25.445333336724172,24.624999963972304,19.726159874598185,2.5249977,0.28368813
lat22_lon53,22,53,22.5,87.5,285578.36309585243,16,15,4.916666666666665,9.625,25.52814214477122,24.099453537841963,21.53702019609724,1.6511366,0.3771967
lat22_lon54,22,54,22.5,92.5,285578.36309585243,4,4,,,23.96347946633064,22.30903055690041,19.87224013972468,1.6803898,0.37308004
lat22_lon55,22,55,22.5,97.5,285578.36309585243,12,11,4.8484848484848495,9.318181818181818,22.1341111140781,21.226111110051477,16.04553506480323,2.6819062,0.27159846
lat22_lon56,22,56,22.5,102.5,285578.36309585243,3,3,,,19.163555579715304,18.47799997859531,12.603550203641255,2.9441621,0.25353926
lat22_lon57,22,57,22.5,107.5,285578.36309585243,3,3,,,21.25082800555381,20.82993630208787,16.583664592107137,2.1079319,0.32175738
lat22_lon58,22,58,22.5,112.5,285578.36309585243,243,160,4.957383784065187,9.80998537948,21.46437499374151,20.980937518179417,17.381618317341644,1.8214071,0.3544331
lat22_lon59,22,59,22.5,117.5,285578.36309585243,18,17,4.934640522875816,9.705882352941176,21.262948214770315,20.40677288708934,17.080140173334698,1.8041743,0.3566112
lat22_lon60,22,60,22.5,122.5,285578.36309585243,407,300,4.980347393589664,9.91212836496057,20.827058848212747,20.18294116188498,16.129823321003023,2.0791738,0.32476243
lat23_lon13,23,13,27.5,-112.5,274181.96082207304,1,1,,,22.6381783004879,22.05658917094386,19.27789779686417,1.4663203,0.40546235
lat23_lon15,23,15,27.5,-102.5,274181.96082207304,5,5,5.0,,20.24922223409017,19.70511110517714,11.014754609796736,4.230757,0.1911769
lat23_lon16,23,16,27.5,-97.5,274181.96082207304,80,78,4.993670886075941,9.971518987341724,22.26493709192336,21.958490569636503,12.97549502673316,4.3086715,0.18837105
lat23_lon17,23,17,27.5,-92.5,274181.96082207304,1,1,,,20.91379308700561,20.566379316921893,13.448499169460565,3.440212,0.22521447
lat23_lon19,23,19,27.5,-82.5,274181.96082207304,87,73,4.935120642009503,9.7216783175682,22.30343135665445,21.86887254434473,17.776955075644278,2.039107,0.329044
lat23_lon20,23,20,27.5,-77.5,274181.96082207304,1,1,,,24.992391213126805,24.44891297298929,21.24175131451953,1.6549103,0.37666056
lat23_lon32,23,32,27.5,-17.5,274181.96082207304,293,190,4.958951864298844,9.817689661104154,18.900000055631,18.695833444595337,16.412073765482223,1.1277815,0.4699731
lat23_lon33,23,33,27.5,-12.5,274181.96082207304,37,32,4.924924924924923,9.662162162162158,21.77560072949986,20.993530523754973,18.635769828039276,1.3345498,0.4283481
lat23_lon42,23,42,27.5,32.5,274181.96082207304,56,41,4.872280759073233,9.44098668626972,22.768779917767173,22.092464128749796,16.784560702449486,2.6758616,0.27204508
lat23_lon43,23,43,27.5,37.5,274181.96082207304,430,24,3.021387219195569,4.279340519228857,22.847281879179096,22.334007557363787,15.52784863731213,3.3360214,0.23062617
lat23_lon45,23,45,27.5,47.5,274181.96082207304,1,1,,,25.92858975239289,25.460384618319,18.179687057071263,3.5476637,0.21989313
lat23_lon46,23,46,27.5,52.5,274181.96082207304,5,4,4.0,,23.14696129294829,22.393922630155505,19.48762340651618,1.5777761,0.38793132
lat23_lon47,23,47,27.5,57.5,274181.96082207304,7,7,5.0,,24.04041186324111,23.110553402698176,17.2974802803664,2.9837258,0.2510213
lat23_lon48,23,48,27.5,62.5,274181.96082207304,3,3,,,24.152391782382622,23.172209572411887,16.694223821428086,3.309067,0.2320688
lat23_lon50,23,50,27.5,72.5,274181.96082207304,1,1,,,26.81111110687256,26.15200000551012,20.84944627337985,2.6686025,0.27258337
lat23_lon51,23,51,27.5,77.5,274181.96082207304,12,10,4.696969696969698,8.636363636363635,24.85733332316081,23.813555551105075,20.67330610381232,1.7781614,0.35995027
lat23_lon52,23,52,27.5,82.5,274181.96082207304,18,13,4.620098039215685,8.38235294117647,18.21533333513472,17.04999998264015,13.744299125572043,1.8937267,0.34557512
lat23_lon53,23,53,27.5,87.5,274181.96082207304,7,7,5.0,,11.222222199994658,9.360888912520474,4.721358557119966,2.7335575,0.26784107
lat23_lon54,23,54,27.5,92.5,274181.96082207304,13,13,5.000000000000002,10.0,12.779222242029176,10.490888906493783,5.525168177195721,3.0279467,0.24826546
lat23_lon55,23,55,27.5,97.5,274181.96082207304,1,1,,,12.103000003563034,10.738777787850962,4.876322535183151,3.1350057,0.24183762
lat23_lon56,23,56,27.5,102.5,274181.96082207304,6,5,4.333333333333333,,11.784111128888195,10.832000002372595,5.584145387753378,2.72613,0.26837495
lat23_lon57,23,57,27.5,107.5,274181.96082207304,4,4,,,16.095888907114666,15.597555555767483,10.692635700967577,2.4381623,0.29085305
lat23_lon59,23,59,27.5,117.5,274181.96082207304,32,31,4.979838709677419,9.909274193548384,18.092196214690787,17.481493875467393,11.844335020383198,2.812399,0.26230204
lat23_lon60,23,60,27.5,122.5,274181.96082207304,214,166,4.969910514731891,9.86597020423838,17.84912281705622,17.24517542437503,13.65075264569395,1.8532536,0.35047707
lat23_lon61,23,61,27.5,127.5,274181.96082207304,9,9,5.0,,22.256164446269,21.44931511029805,15.45224772488393,3.035148,0.2478224
lat24_lon11,24,11,32.5,-122.5,260698.8682708433,1,1,,,15.55714275723412,14.599999972752162,13.41304549574852,0.8769984,0.5327655
lat24_lon12,24,12,32.5,-117.5,260698.8682708433,88,81,4.976671283808416,9.896387694102234,18.2266528882271,17.409710752077338,12.208688286770697,2.6652899,0.2728297
lat24_lon13,24,13,32.5,-112.5,260698.8682708433,30,28,4.954022988505752,9.793103448275868,20.66590085542764,20.11886337676965,13.010732015447982,3.4869022,0.22287092
lat24_lon15,24,15,32.5,-102.5,260698.8682708433,1,1,,,17.10100000169542,16.86055553648207,5.527209635178248,5.400156,0.15624619
lat24_lon16,24,16,32.5,-97.5,260698.8682708433,53,46,4.935541705796975,9.716340817894656,18.538444436391195,18.23400002055698,5.619886425799794,6.0193915,0.14246249
lat24_lon17,24,17,32.5,-92.5,260698.8682708433,10,10,5.000000000000002,10.0,18.416777770784165,18.09588887214661,7.06432663652632,5.277589,0.15929683
lat24_lon18,24,18,32.5,-87.5,260698.8682708433,18,18,4.999999999999998,10.0,17.78428246165734,17.415148076815594,8.815134558412764,4.143832,0.19440758
lat24_lon19,24,19,32.5,-82.5,260698.8682708433,18,16,4.869281045751633,9.411764705882351,17.789343258409843,17.36109046746955,10.378925485573792,3.3968666,0.22743468
lat24_lon20,24,20,32.5,-77.5,260698.8682708433,1,1,,,18.012883449624653,17.450306728573665,11.35029310635158,3.0169294,0.24894635
lat24_lon32,24,32,32.5,-17.5,260698.8682708433,27,22,4.8324786324786295,9.27179487179487,18.40499992370605,18.1899998664856,15.434698892676312,1.3523887,0.4250998
lat24_lon34,24,34,32.5,-7.5,260698.8682708433,45,35,4.792783192102531,9.166116640024748,17.55672082027621,16.81580502666434,13.854031675636849,1.5996863,0.38466182
lat24_lon35,24,35,32.5,-2.5,260698.8682708433,37,33,4.939939939939938,9.729729729729726,18.881666691038344,17.872444444232517,11.51452715979682,3.2611585,0.23467797
lat24_lon40,24,40,32.5,22.5,260698.8682708433,1,1,,,20.648202982815828,20.0082452443387,14.267361831280493,2.869038,0.25846216
lat24_lon41,24,41,32.5,27.5,260698.8682708433,4,1,,,20.665503834569176,20.05232561835947,14.870296401037296,2.599441,0.27782091
lat24_lon42,24,42,32.5,32.5,260698.8682708433,271,151,4.887831457270627,9.52266128422912,20.595082001607928,20.06032785196773,15.946265730406624,2.0769358,0.32499865
lat24_lon43,24,43,32.5,37.5,260698.8682708433,224,127,4.801266978314538,9.20453525768843,18.78788926444664,18.268050750921617,12.314554015112634,2.9367106,0.25401917
lat24_lon50,24,50,32.5,72.5,260698.8682708433,10,10,5.000000000000002,10.0,20.683666668492886,19.401222212786475,16.348498227056634,1.818347,0.35481793
lat24_lon51,24,51,32.5,77.5,260698.8682708433,9,9,5.0,,3.329888890410463,1.8392222222685812,-4.4038617579809705,3.350109,0.22987929
lat24_lon56,24,56,32.5,102.5,260698.8682708433,15,13,4.736263736263734,8.978021978021978,3.974444451878468,3.007666674868928,-3.403306211840439,3.273911,0.23397774
lat24_lon57,24,57,32.5,107.5,260698.8682708433,4,4,,,13.300222237110138,12.51599999083413,6.636109718659621,2.9739332,0.25163987
lat24_lon58,24,58,32.5,112.5,260698.8682708433,21,20,4.952380952380953,9.785714285714285,14.825666684574552,14.157333325809905,8.54539413947198,2.8162694,0.262036
lat24_lon59,24,59,32.5,117.5,260698.8682708433,19,16,4.824561403508772,9.21052631578947,15.516816163811448,14.867376679262238,9.288987171914842,2.7953544,0.26348
lat24_lon60,24,60,32.5,122.5,260698.8682708433,70,40,4.698982584007618,8.786421655758934,16.136693535312528,15.526612927836757,9.08367102570004,3.190765,0.23861992
lat24_lon62,24,62,32.5,132.5,260698.8682708433,9,9,5.0,,16.311583938328088,15.677304941993516,8.992628784288264,3.3108292,0.23197393
lat24_lon63,24,63,32.5,137.5,260698.8682708433,7,6,4.523809523809524,,16.041843935107508,15.331205672406137,8.786486135052808,3.265622,0.23443238
lat25_lon11,25,11,37.5,-122.5,245231.6999177919,103,84,4.949108571622416,9.77476293603087,14.270062375217366,13.437214135627984,9.076432577586129,2.2775192,0.30510882
lat25_lon12,25,12,37.5,-117.5,245231.6999177919,4,4,,,13.028777785963484,11.726777778714895,2.150713336310663,4.850298,0.17093146
lat25_lon13,25,13,37.5,-112.5,245231.6999177919,2,2,,,11.847333347267575,10.675111113389333,0.1867909581134128,5.2424254,0.16019414
lat25_lon14,25,14,37.5,-107.5,245231.6999177919,6,6,4.999999999999999,,7.470222244991197,6.831555553012424,-3.983139218594685,5.2551036,0.15986945
lat25_lon15,25,15,37.5,-102.5,245231.6999177919,2,2,,,12.139666656388178,11.954555572138892,-1.3659909716698977,6.3234487,0.13654768
lat25_lon16,25,16,37.5,-97.5,245231.6999177919,5,5,5.0,,14.049888879987927,13.717111141416762,-2.7214267357536115,7.8288164,0.11326546
lat25_lon17,25,17,37.5,-92.5,245231.6999177919,9,9,5.0,,13.84777777671814,13.547888888253103,-2.435020877018017,7.606086,0.11619684
lat25_lon18,25,18,37.5,-87.5,245231.6999177919,5,5,5.0,,13.96333334604899,13.670777773327298,-1.3393411368947614,7.145792,0.12276277
lat25_lon19,25,19,37.5,-82.5,245231.6999177919,9,9,5.0,,12.657666676839192,12.300444458855525,-2.084178805061609,6.8667235,0.12711772
lat25_lon20,25,20,37.5,-77.5,245231.6999177919,28,25,4.920634920634919,9.642857142857146,14.129136704712463,13.585491605799833,0.8761973482572567,6.1233807,0.14038278
lat25_lon21,25,21,37.5,-72.5,245231.6999177919,1,1,,,13.058064583809143,12.454838691219209,3.9697600625817535,4.1494007,0.19419736
lat25_lon34,25,34,37.5,-7.5,245231.6999177919,10,8,4.555555555555557,8.0,16.713543614120344,16.15714285678899,13.111775217704402,1.5831257,0.3871279
lat25_lon35,25,35,37.5,-2.5,245231.6999177919,30,23,4.798029556650251,9.128078817733996,15.654559970092771,14.785759978485109,11.09502804740502,1.9766877,0.33594388
lat25_lon36,25,36,37.5,2.5,245231.6999177919,43,33,4.848972260486729,9.349242362855524,16.830494524358393,15.964560469428262,12.12900877883982,2.043017,0.32862124
lat25_lon37,25,37,37.5,7.5,245231.6999177919,25,23,4.933333333333335,9.7,16.26727686648511,15.514874157152676,11.130473502869467,2.2650933,0.30626997
lat25_lon38,25,38,37.5,12.5,245231.6999177919,1,1,,,17.631775704499717,16.97383175609268,13.567898151698149,1.7810227,0.35957998
lat25_lon41,25,41,37.5,27.5,245231.6999177919,9,9,5.0,,15.535632185943804,14.824794750495498,10.220610632563911,2.3559206,0.29798084
lat25_lon42,25,42,37.5,32.5,245231.6999177919,25,21,4.866666666666667,9.4,12.543142869131906,11.824714287008558,6.300021472567063,2.7891643,0.26391044
lat25_lon43,25,43,37.5,37.5,245231.6999177919,2,2,,,13.90849829497243,13.106868445526318,6.976541552488322,3.0961542,0.24413143
lat25_lon44,25,44,37.5,42.5,245231.6999177919,1,1,,,13.82211109413041,12.87888889975018,5.979047369834992,3.4962063,0.22240973
lat25_lon46,25,46,37.5,52.5,245231.6999177919,7,5,3.8571428571428577,,15.909333353439967,15.200999997009834,10.204411428142066,2.5388923,0.2825743
lat25_lon58,25,58,37.5,112.5,245231.6999177919,5,4,4.0,,9.75722221771876,8.925000004900827,2.308562208366404,3.3325396,0.2308115
lat25_lon59,25,59,37.5,117.5,245231.6999177919,60,39,4.844135470177472,9.315758712971787,13.132056207035694,12.512643674933289,6.270702751457122,3.0988111,0.24397318
lat25_lon60,25,60,37.5,122.5,245231.6999177919,11,11,5.000000000000002,9.999999999999998,11.564999980192916,10.858076924544116,4.676295603381263,3.0942314,0.24424608
lat25_lon61,25,61,37.5,127.5,245231.6999177919,63,44,4.86887764095591,9.424743773765446,11.344264962561487,10.62730210701753,3.2148467033675505,3.6749296,0.21390696
lat25_lon63,25,63,37.5,137.5,245231.6999177919,113,72,4.900137301066917,9.559996452665128,12.192198589902116,11.52033097016896,4.415591833858665,3.518275,0.22132339
lat25_lon64,25,64,37.5,142.5,245231.6999177919,11,9,4.636363636363637,8.363636363636363,11.973333314259849,11.250666658613415,5.321318902143963,2.9800951,0.25125027
lat26_lon11,26,11,42.5,-122.5,227898.1702534172,12,10,4.696969696969698,8.636363636363635,9.322988509827342,8.699106015464812,2.7225809007992026,2.975333,0.25155124
lat26_lon13,26,13,42.5,-112.5,227898.1702534172,6,6,4.999999999999999,,6.571777778731452,5.737666665613651,-6.811321788860692,6.12173,0.14041533
lat26_lon14,26,14,42.5,-107.5,227898.1702534172,2,2,,,5.810777787723475,5.272666666342152,-8.58463256186909,6.66285,0.13049975
lat26_lon15,26,15,42.5,-102.5,227898.1702534172,2,2,,,9.294111103216808,8.866666660838657,-8.497615449825922,8.288188,0.107663624
lat26_lon17,26,17,42.5,-92.5,227898.1702534172,3,3,,,9.093333353466456,8.4300000111262,-11.10391702281104,9.368641,0.09644466
lat26_lon18,26,18,42.5,-87.5,227898.1702534172,6,5,4.333333333333333,,9.136777784029643,8.417777786254883,-12.92308745543162,10.233861,0.089016594
lat26_lon19,26,19,42.5,-82.5,227898.1702534172,5,5,5.0,,8.993555557992723,8.217333329518636,-14.395192112392849,10.847234,0.08440789
lat26_lon20,26,20,42.5,-77.5,227898.1702534172,22,16,4.635680109364322,8.529733424470267,8.754666672812569,7.909444456100464,-14.16486565960778,10.610763,0.08612699
lat26_lon21,26,21,42.5,-72.5,227898.1702534172,38,29,4.78510664578776,9.118567483892562,8.543378375994193,7.637297295879673,-14.503236206246456,10.657135,0.08578437
lat26_lon23,26,23,42.5,-62.5,227898.1702534172,3,3,,,6.936619711593843,6.109859204628099,-10.378066203587174,7.974498,0.111426845
lat26_lon41,26,41,42.5,27.5,227898.1702534172,9,7,4.444444444444444,,12.735575484944388,11.955455897634874,7.896288330522464,2.1214285,0.32036614
lat26_lon43,26,43,42.5,37.5,227898.1702534172,176,57,4.779601155377026,9.052296043727518,10.340469191850456,9.772140738901156,6.053296684866967,1.9012465,0.34467942
lat26_lon44,26,44,42.5,42.5,227898.1702534172,8,8,4.999999999999999,,7.596666662578966,6.8556790058167625,3.102554803400757,1.9672893,0.3370079
lat26_lon45,26,45,42.5,47.5,227898.1702534172,193,66,4.555860409115055,8.290340446248916,11.206555564180016,10.55266668110258,7.187807670181078,1.7606875,0.36222863
lat26_lon49,26,49,42.5,67.5,227898.1702534172,5,5,5.0,,13.190777798228794,12.029111114078098,7.957703692979282,2.243779,0.3082824
lat26_lon50,26,50,42.5,72.5,227898.1702534172,3,3,,,7.965333353471425,6.5125555584083,2.5590012045244737,2.2844787,0.3044623
lat26_lon51,26,51,42.5,77.5,227898.1702534172,16,14,4.833333333333332,9.25,3.4495555512358744,1.8602222223662668,-2.7455397548271705,2.6271706,0.275697
lat26_lon58,26,58,42.5,112.5,227898.1702534172,1,1,,,4.581444443538785,3.4794444431364537,-4.401606726211385,4.0002856,0.19998857
lat26_lon59,26,59,42.5,117.5,227898.1702534172,50,37,4.848447676943117,9.343986105080326,4.843333330220647,3.9102222220848,-3.65992635919415,3.8076425,0.20800215
lat26_lon64,26,64,42.5,142.5,227898.1702534172,7,5,4.047619047619048,,7.38876146549752,6.294266057807371,-1.0864250506827504,3.7638826,0.2099128
lat27_lon10,27,10,47.5,-127.5,208830.1979047364,2,2,,,8.109722200367186,7.615277787049611,-0.3671086757987117,3.8847227,0.20471992
lat27_lon11,27,11,47.5,-122.5,208830.1979047364,62,53,4.947382337387626,9.765203595980966,8.324845488640227,7.744004943066165,-3.5161005671930856,5.450131,0.15503561
lat27_lon12,27,12,47.5,-117.5,208830.1979047364,1,1,,,7.295777784751521,6.788222227940957,-8.601903142762927,7.377517,0.1193671
lat27_lon13,27,13,47.5,-112.5,208830.1979047364,3,2,,,5.058777777494655,4.465777777325776,-15.610458380911084,9.606851,0.09427869
lat27_lon14,27,14,47.5,-107.5,208830.1979047364,1,1,,,6.695666679872407,6.079333338505692,-15.08426612218221,10.125014,0.08988752
lat27_lon16,27,16,47.5,-97.5,208830.1979047364,1,1,,,4.918333337836796,4.06966666009691,-21.211443738937376,12.122615,0.07620432
lat27_lon20,27,20,47.5,-77.5,208830.1979047364,1,1,,,3.0714444431331422,2.0133333287967576,-29.126983144548205,14.935333,0.06275363
lat27_lon21,27,21,47.5,-72.5,208830.1979047364,3,3,,,3.2542222241643404,1.930444441487392,-25.76942412694295,13.380778,0.06953727
lat27_lon23,27,23,47.5,-62.5,208830.1979047364,1,1,,,5.282989674929491,4.373195879468598,-17.437846955920673,10.502834,0.086935095
lat27_lon37,27,37,47.5,7.5,208830.1979047364,1,1,,,8.684555547941063,7.926999998117487,0.8711801858787981,3.5183222,0.2213211
lat27_lon43,27,43,47.5,37.5,208830.1979047364,115,38,4.65176184901383,8.553395405900474,9.6518239177248,9.159748442667835,2.993807680572281,3.029304,0.24818182
lat28_lon11,28,11,52.5,-122.5,188172.9016548795,1,1,,,3.0538888922995997,2.411888884868887,-23.14409362581041,12.201342,0.075749874
lat28_lon12,28,12,52.5,-117.5,188172.9016548795,1,1,,,1.367888887764679,0.7846666669597229,-28.36256802558899,13.879647,0.06720589
lat28_lon13,28,13,52.5,-112.5,188172.9016548795,3,3,,,3.408222219571471,2.6782222187933,-27.251747211880154,14.284295,0.06542663
lat28_lon34,28,34,52.5,-7.5,188172.9016548795,1,1,,,9.898749999205272,9.944374992450076,1.3575869490970218,4.03714,0.19852535
lat28_lon36,28,36,52.5,2.5,188172.9016548795,519,132,4.755438118922683,8.978384878397161,10.349157336052883,9.91994383361902,0.5587074601399541,4.517495,0.18124166
lat28_lon37,28,37,52.5,7.5,188172.9016548795,51,31,4.603414983014478,8.470197141094241,9.330446571716598,8.86346416254005,-0.7482017739538747,4.6449656,0.177149
lat28_lon43,28,43,52.5,37.5,188172.9016548795,19,14,4.611283109735123,8.405572755417955,6.281000006993612,5.812888890372382,-5.942716474003262,5.6552105,0.15025821
lat28_lon44,28,44,52.5,42.5,188172.9016548795,11,11,5.000000000000002,9.999999999999998,6.062888885604011,5.527333327134451,-5.035074685017268,5.110078,0.16366404
lat28_lon50,28,50,52.5,72.5,188172.9016548795,3,3,,,2.878333333068424,2.215555550323592,-5.160106590323978,3.6432004,0.21536869
lat28_lon51,28,51,52.5,77.5,188172.9016548795,4,4,,,2.977222220897674,2.17955555246936,-4.995873202747769,3.5853608,0.21808536
lat28_lon52,28,52,52.5,82.5,188172.9016548795,68,36,4.760881101997214,8.972131577816397,2.2204444406761064,1.3387777742164002,-5.40307905488544,3.4050303,0.2270132
lat28_lon53,28,53,52.5,87.5,188172.9016548795,80,38,4.740215023151391,8.89512787795597,-0.1622222237951225,-1.090333332055145,-7.578839690287908,3.2992983,0.2325961
lat28_lon56,28,56,52.5,102.5,188172.9016548795,1,1,,,-1.896777775072389,-2.77477777318822,-9.533471037016977,3.4119058,0.22665942
lat28_lon59,28,59,52.5,117.5,188172.9016548795,25,22,4.9,9.55,-2.988111108392477,-3.963777772875296,-13.57219509548611,4.7760563,0.1731285
lat29_lon37,29,37,57.5,7.5,166083.49600152444,103,45,4.69914174741288,8.737877677562677,6.049134204785029,5.993506493087197,-10.720324838602984,7.89212,0.112459116
lat29_lon38,29,38,57.5,12.5,166083.49600152444,135,52,4.679145078963994,8.667210612125569,7.000954984480167,6.894952249722136,-16.5496146452373,11.076944,0.0828024
lat29_lon39,29,39,57.5,17.5,166083.49600152444,15,9,4.28205128205128,7.098901098901099,6.75174826064032,6.422843824177633,-17.516928340465878,11.363634,0.08088237
lat29_lon40,29,40,57.5,22.5,166083.49600152444,4,4,,,6.737655415204659,6.4309058511236,-17.145817064729396,11.187177,0.08205346
lat29_lon42,29,42,57.5,32.5,166083.49600152444,72,31,4.68587405364271,8.662083755731325,4.991888869868385,4.644111114607917,-15.61378477520413,9.632682,0.09404965
lat29_lon43,29,43,57.5,37.5,166083.49600152444,1757,76,4.416305456691196,7.747028675868503,4.4336666676733225,4.022888886663649,-12.881153859032525,8.067206,0.110287555
lat29_lon44,29,44,57.5,42.5,166083.49600152444,105,36,4.6570361697869895,8.566348436813492,4.0272222267256845,3.503111107349396,-11.039495182037353,6.9822636,0.12527774
lat29_lon47,29,47,57.5,57.5,166083.49600152444,8,8,4.999999999999999,,1.874333328091436,1.5851111101110775,-9.330025960074533,5.214952,0.16090229
lat29_lon48,29,48,57.5,62.5,166083.49600152444,114,36,4.621623828656915,8.427192406938664,2.102333328160974,1.641888890076015,-9.441722770267065,5.336704,0.15781075
lat29_lon49,29,49,57.5,67.5,166083.49600152444,38,20,4.524500838742323,8.097321639117306,1.4339999981555671,0.8982222218232022,-10.021564121246335,5.2784543,0.15927488
lat29_lon50,29,50,57.5,72.5,166083.49600152444,20,11,3.9652347781217743,6.656346749226005,0.780222225346499,0.1211111120465728,-10.653795057932536,5.241605,0.1602152
lat29_lon52,29,52,57.5,82.5,166083.49600152444,41,23,4.628173547300637,8.454863770653246,0.0545555563188261,-0.4344444441960917,-11.256257161564298,5.220528,0.16075805
lat29_lon53,29,53,57.5,87.5,166083.49600152444,57,28,4.691236142576765,8.687008043264257,-0.004444444808695,-0.5179999979668194,-11.09203140258789,5.1099954,0.16366625
lat29_lon54,29,54,57.5,92.5,166083.49600152444,14,11,4.670329670329668,8.516483516483516,-0.4797777779814269,-1.0145555536200603,-11.31023331006368,4.984261,0.167105
lat30_lon6,30,6,62.5,-147.5,142730.094659641,1,1,,,-2.096814557816727,-2.822639362507238,-11.209971474033004,4.1355343,0.19472171
lat30_lon13,30,13,62.5,-112.5,142730.094659641,1,1,,,-4.92033333407508,-5.579333334763845,-33.1130864100986,13.137618,0.07073327
lat30_lon37,30,37,62.5,7.5,142730.094659641,113,36,4.650487161528818,8.54312951305752,2.739504131157536,2.5742148739863038,-17.237614751761136,9.378588,0.09635222
lat30_lon38,30,38,62.5,12.5,142730.094659641,29,18,4.544448654793483,8.192092964506761,2.7144943823556558,2.475842694075925,-24.187171163708307,12.625692,0.07339077
lat30_lon39,30,39,62.5,17.5,142730.094659641,26,26,5.000000000000003,10.000000000000004,3.4767340969703446,3.1923410383435344,-26.088017154326643,13.870411,0.06724764
lat30_lon40,30,40,62.5,22.5,142730.094659641,948,112,4.664256026613961,8.619870461472885,4.209170301581747,3.959970887571443,-26.33960645251804,14.342456,0.06517861
lat30_lon41,30,41,62.5,27.5,142730.094659641,411,140,4.827533839268017,9.257445807221156,3.364487035298697,3.097632471241032,-26.01890013164944,13.788994,0.067617856
lat30_lon42,30,42,62.5,32.5,142730.094659641,30,8,3.882433020364056,5.927127278851419,2.846555550628238,2.5533333256509567,-24.604514906141493,12.872003,0.072087646
lat30_lon45,30,45,62.5,47.5,142730.094659641,17,13,4.647058823529411,8.522058823529411,1.0338888882183366,0.6621111062417427,-18.579189133114284,9.159323,0.09843176
lat30_lon47,30,47,62.5,57.5,142730.094659641,4,4,,,-1.1799999979800648,-1.816999998986721,-17.321923818588257,7.463765,0.118150726
lat30_lon49,30,49,62.5,67.5,142730.094659641,5,4,4.0,,-1.7487777754498852,-2.457666662757596,-18.40515044318305,7.69025,0.11507148
lat30_lon51,30,51,62.5,77.5,142730.094659641,1,1,,,-3.054777774877018,-3.614888889922036,-19.566291297276816,7.654999,0.11554017
lat31_lon38,31,38,67.5,12.5,118290.43111461028,23,13,3.871051145650689,6.620243062900219,3.5537790720632603,3.143313950794034,-20.212192170825595,11.107903,0.082590684
lat31_lon39,31,39,67.5,17.5,118290.43111461028,5,2,2.0,,0.2973652659686739,-0.1398802397672287,-24.20611521932814,11.449384,0.08032526
lat31_lon40,31,40,67.5,22.5,118290.43111461028,11,11,5.000000000000002,9.999999999999998,0.2310023305716214,-0.1770396272028798,-29.15780776341756,13.75885,0.06775595
lat31_lon41,31,41,67.5,27.5,118290.43111461028,38,25,4.802038880986247,9.118065433854904,0.3286666674166917,-0.1542222244706418,-29.733955535888672,14.05922,0.0664045
lat31_lon42,31,42,67.5,32.5,118290.43111461028,4,4,,,0.4861077862496147,-0.044191616853911,-26.89436990905691,12.7841215,0.07254724
lat32_lon40,32,40,72.5,22.5,92950.50596308212,1,1,,,1.653333323476491,0.9370370325666888,-26.555852859977666,13.132361,0.07075958
lat32_lon41,32,41,72.5,27.5,92950.50596308212,2,2,,,0.3136125639939183,-0.4418848179163733,-26.339349070206065,12.390094,0.07468208
