dt_worldclim_degc,species_richness_S,log_species_richness
28.099999999999998,2,1.0986122886681098
26.6,1,0.6931471805599453
25.7,4,1.6094379124341003
28.0,1,0.6931471805599453
26.1,1,0.6931471805599453
22.9,1,0.6931471805599453
26.700000000000003,1,0.6931471805599453
21.4,1,0.6931471805599453
28.8,1,0.6931471805599453
30.2,2,1.0986122886681098
29.2,1,0.6931471805599453
28.3,18,2.9444389791664403
28.3,12,2.5649493574615367
25.8,1,0.6931471805599453
19.4,1,0.6931471805599453
28.3,1,0.6931471805599453
25.900000000000002,1,0.6931471805599453
26.200000000000003,10,2.3978952727983707
26.599999999999998,1,0.6931471805599453
26.4,1,0.6931471805599453
27.8,80,4.394449154672439
26.5,1,0.6931471805599453
27.099999999999998,1,0.6931471805599453
28.2,3,1.3862943611198906
28.299999999999997,3,1.3862943611198906
26.2,9,2.302585092994046
27.0,12,2.5649493574615367
27.9,1,0.6931471805599453
26.3,10,2.3978952727983707
27.5,19,2.995732273553991
26.9,1,0.6931471805599453
27.8,1,0.6931471805599453
29.8,9,2.302585092994046
26.4,19,2.995732273553991
27.0,1,0.6931471805599453
27.6,30,3.4339872044851463
28.299999999999997,1,0.6931471805599453
26.200000000000003,3,1.3862943611198906
29.4,6,1.9459101490553132
27.6,3,1.3862943611198906
27.7,6,1.9459101490553132
28.9,3,1.3862943611198906
28.1,2,1.0986122886681098
27.6,2,1.0986122886681098
26.900000000000002,9,2.302585092994046
25.0,18,2.9444389791664403
27.2,5,1.791759469228055
27.2,15,2.772588722239781
27.799999999999997,16,2.833213344056216
29.0,3,1.3862943611198906
27.9,1,0.6931471805599453
27.4,1,0.6931471805599453
22.0,1,0.6931471805599453
29.5,1,0.6931471805599453
29.3,3,1.3862943611198906
27.1,14,2.70805020110221
27.8,1,0.6931471805599453
29.5,2,1.0986122886681098
28.3,1,0.6931471805599453
28.3,1,0.6931471805599453
29.1,18,2.9444389791664403
29.4,8,2.1972245773362196
29.5,1,0.6931471805599453
27.5,2,1.0986122886681098
29.8,5,1.791759469228055
30.0,23,3.1780538303479458
30.0,1,0.6931471805599453
30.0,5,1.791759469228055
29.9,33,3.5263605246161616
29.3,14,2.70805020110221
29.5,12,2.5649493574615367
29.599999999999998,4,1.6094379124341003
29.8,4,1.6094379124341003
29.9,26,3.295836866004329
28.799999999999997,1,0.6931471805599453
31.2,2,1.0986122886681098
31.0,33,3.5263605246161616
29.799999999999997,2,1.0986122886681098
30.1,30,3.4339872044851463
30.299999999999997,41,3.7376696182833684
30.2,42,3.7612001156935624
29.9,3,1.3862943611198906
28.3,3,1.3862943611198906
31.0,1,0.6931471805599453
30.5,38,3.6635616461296463
30.7,6,1.9459101490553132
30.8,11,2.4849066497880004
30.599999999999998,1,0.6931471805599453
26.7,8,2.1972245773362196
28.4,1,0.6931471805599453
22.299999999999997,1,0.6931471805599453
24.2,1,0.6931471805599453
30.6,4,1.6094379124341003
27.7,18,2.9444389791664403
19.3,1,0.6931471805599453
20.7,1,0.6931471805599453
20.2,1,0.6931471805599453
27.400000000000002,22,3.1354942159291497
27.7,1,0.6931471805599453
21.200000000000003,1,0.6931471805599453
25.9,2,1.0986122886681098
28.7,15,2.772588722239781
28.4,8,2.1972245773362196
28.3,1,0.6931471805599453
27.1,1,0.6931471805599453
28.0,3,1.3862943611198906
27.799999999999997,9,2.302585092994046
27.7,4,1.6094379124341003
22.2,2,1.0986122886681098
27.5,2,1.0986122886681098
28.0,1,0.6931471805599453
27.3,1,0.6931471805599453
27.200000000000003,3,1.3862943611198906
27.7,16,2.833213344056216
21.200000000000003,12,2.5649493574615367
23.2,2,1.0986122886681098
26.8,9,2.302585092994046
27.2,2,1.0986122886681098
28.2,3,1.3862943611198906
27.4,2,1.0986122886681098
26.5,1,0.6931471805599453
22.5,7,2.0794415416798357
27.200000000000003,1,0.6931471805599453
27.200000000000003,1,0.6931471805599453
28.0,1,0.6931471805599453
27.2,8,2.1972245773362196
27.1,1,0.6931471805599453
26.6,19,2.995732273553991
26.6,12,2.5649493574615367
26.3,3,1.3862943611198906
22.2,1,0.6931471805599453
21.7,4,1.6094379124341003
27.7,1,0.6931471805599453
27.200000000000003,2,1.0986122886681098
27.1,10,2.3978952727983707
26.299999999999997,9,2.302585092994046
26.5,11,2.4849066497880004
26.5,2,1.0986122886681098
26.5,6,1.9459101490553132
21.900000000000002,3,1.3862943611198906
28.4,1,0.6931471805599453
28.6,2,1.0986122886681098
26.400000000000002,1,0.6931471805599453
25.8,2,1.0986122886681098
22.7,5,1.791759469228055
22.599999999999998,7,2.0794415416798357
22.8,1,0.6931471805599453
21.4,1,0.6931471805599453
29.0,1,0.6931471805599453
26.4,2,1.0986122886681098
27.0,14,2.70805020110221
26.2,1,0.6931471805599453
26.7,1,0.6931471805599453
22.700000000000003,5,1.791759469228055
22.5,1,0.6931471805599453
26.3,6,1.9459101490553132
25.8,11,2.4849066497880004
26.5,1,0.6931471805599453
27.200000000000003,6,1.9459101490553132
27.0,1,0.6931471805599453
25.8,1,0.6931471805599453
25.8,3,1.3862943611198906
25.8,2,1.0986122886681098
27.0,6,1.9459101490553132
26.400000000000002,1,0.6931471805599453
25.5,13,2.6390573296152584
25.4,1,0.6931471805599453
22.6,3,1.3862943611198906
24.4,5,1.791759469228055
25.8,15,2.772588722239781
25.8,2,1.0986122886681098
26.1,3,1.3862943611198906
26.3,11,2.4849066497880004
26.4,18,2.9444389791664403
26.299999999999997,25,3.258096538021482
26.200000000000003,14,2.70805020110221
26.0,9,2.302585092994046
27.3,1,0.6931471805599453
28.799999999999997,8,2.1972245773362196
22.5,1,0.6931471805599453
22.5,1,0.6931471805599453
22.5,1,0.6931471805599453
22.3,8,2.1972245773362196
26.599999999999998,33,3.5263605246161616
26.5,42,3.7612001156935624
26.5,33,3.5263605246161616
26.3,9,2.302585092994046
25.6,8,2.1972245773362196
25.0,1,0.6931471805599453
22.4,2,1.0986122886681098
25.1,1,0.6931471805599453
26.6,14,2.70805020110221
26.4,24,3.2188758248682006
26.5,39,3.6888794541139363
26.200000000000003,27,3.332204510175204
26.599999999999998,3,1.3862943611198906
24.6,1,0.6931471805599453
22.099999999999998,1,0.6931471805599453
22.2,1,0.6931471805599453
22.2,1,0.6931471805599453
21.799999999999997,1,0.6931471805599453
26.9,27,3.332204510175204
26.8,16,2.833213344056216
25.8,23,3.1780538303479458
27.599999999999998,5,1.791759469228055
27.7,3,1.3862943611198906
24.6,1,0.6931471805599453
22.200000000000003,1,0.6931471805599453
21.700000000000003,1,0.6931471805599453
21.6,1,0.6931471805599453
21.5,21,3.091042453358316
27.2,12,2.5649493574615367
29.2,6,1.9459101490553132
28.8,1,0.6931471805599453
27.8,1,0.6931471805599453
24.3,1,0.6931471805599453
22.2,1,0.6931471805599453
22.299999999999997,1,0.6931471805599453
22.400000000000002,2,1.0986122886681098
21.900000000000002,1,0.6931471805599453
21.7,1,0.6931471805599453
21.5,1,0.6931471805599453
27.299999999999997,14,2.70805020110221
27.0,5,1.791759469228055
26.8,12,2.5649493574615367
27.9,2,1.0986122886681098
27.8,4,1.6094379124341003
24.3,3,1.3862943611198906
24.3,2,1.0986122886681098
22.0,5,1.791759469228055
21.7,1,0.6931471805599453
21.6,1,0.6931471805599453
24.2,4,1.6094379124341003
22.099999999999998,2,1.0986122886681098
22.1,4,1.6094379124341003
22.099999999999998,10,2.3978952727983707
22.0,1,0.6931471805599453
28.4,2,1.0986122886681098
28.4,13,2.6390573296152584
21.7,1,0.6931471805599453
28.2,1,0.6931471805599453
21.7,1,0.6931471805599453
21.4,1,0.6931471805599453
21.5,2,1.0986122886681098
20.0,2,1.0986122886681098
20.5,4,1.6094379124341003
20.6,3,1.3862943611198906
20.7,1,0.6931471805599453
20.599999999999998,1,0.6931471805599453
20.400000000000002,5,1.791759469228055
21.6,3,1.3862943611198906
21.299999999999997,1,0.6931471805599453
20.200000000000003,1,0.6931471805599453
21.400000000000002,1,0.6931471805599453
21.6,4,1.6094379124341003
21.7,5,1.791759469228055
21.2,2,1.0986122886681098
21.0,1,0.6931471805599453
27.8,11,2.4849066497880004
22.0,2,1.0986122886681098
22.1,2,1.0986122886681098
21.299999999999997,2,1.0986122886681098
21.7,3,1.3862943611198906
22.0,1,0.6931471805599453
22.0,1,0.6931471805599453
21.8,1,0.6931471805599453
21.8,2,1.0986122886681098
22.7,1,0.6931471805599453
21.7,1,0.6931471805599453
22.0,1,0.6931471805599453
22.0,1,0.6931471805599453
22.0,1,0.6931471805599453
31.900000000000002,1,0.6931471805599453
21.6,1,0.6931471805599453
21.900000000000002,4,1.6094379124341003
21.8,5,1.791759469228055
21.6,1,0.6931471805599453
22.5,1,0.6931471805599453
21.7,1,0.6931471805599453
21.5,1,0.6931471805599453
21.0,3,1.3862943611198906
20.6,1,0.6931471805599453
21.2,1,0.6931471805599453
19.900000000000002,1,0.6931471805599453
19.5,15,2.772588722239781
20.400000000000002,8,2.1972245773362196
20.5,1,0.6931471805599453
20.099999999999998,3,1.3862943611198906
19.4,1,0.6931471805599453
20.1,3,1.3862943611198906
18.5,2,1.0986122886681098
18.9,1,0.6931471805599453
17.9,2,1.0986122886681098
18.0,4,1.6094379124341003
20.200000000000003,1,0.6931471805599453
21.0,4,1.6094379124341003
17.8,4,1.6094379124341003
17.9,2,1.0986122886681098
17.4,4,1.6094379124341003
17.8,1,0.6931471805599453
18.1,10,2.3978952727983707
18.5,26,3.295836866004329
18.8,9,2.302585092994046
19.700000000000003,10,2.3978952727983707
20.4,4,1.6094379124341003
21.4,1,0.6931471805599453
23.1,4,1.6094379124341003
30.099999999999998,2,1.0986122886681098
17.8,7,2.0794415416798357
18.3,5,1.791759469228055
18.7,16,2.833213344056216
19.4,5,1.791759469228055
20.3,10,2.3978952727983707
20.4,6,1.9459101490553132
20.9,3,1.3862943611198906
21.3,1,0.6931471805599453
21.7,3,1.3862943611198906
22.0,1,0.6931471805599453
22.1,6,1.9459101490553132
14.1,2,1.0986122886681098
18.3,4,1.6094379124341003
18.8,16,2.833213344056216
19.5,5,1.791759469228055
20.3,41,3.7376696182833684
20.4,5,1.791759469228055
21.1,12,2.5649493574615367
21.3,7,2.0794415416798357
21.5,3,1.3862943611198906
21.5,1,0.6931471805599453
18.6,6,1.9459101490553132
19.4,5,1.791759469228055
20.1,1,0.6931471805599453
21.0,1,0.6931471805599453
21.2,1,0.6931471805599453
21.7,1,0.6931471805599453
19.7,22,3.1354942159291497
18.2,1,0.6931471805599453
32.3,1,0.6931471805599453
21.4,1,0.6931471805599453
31.599999999999998,1,0.6931471805599453
35.0,1,0.6931471805599453
29.5,1,0.6931471805599453
29.6,1,0.6931471805599453
30.1,1,0.6931471805599453
30.7,1,0.6931471805599453
32.3,2,1.0986122886681098
32.4,3,1.3862943611198906
32.5,1,0.6931471805599453
30.8,1,0.6931471805599453
29.9,1,0.6931471805599453
30.900000000000002,1,0.6931471805599453
32.4,1,0.6931471805599453
32.5,3,1.3862943611198906
32.9,5,1.791759469228055
33.1,1,0.6931471805599453
36.2,1,0.6931471805599453
30.1,1,0.6931471805599453
31.1,1,0.6931471805599453
32.9,2,1.0986122886681098
31.6,4,1.6094379124341003
32.0,2,1.0986122886681098
33.1,1,0.6931471805599453
33.3,1,0.6931471805599453
32.0,1,0.6931471805599453
33.6,1,0.6931471805599453
33.3,2,1.0986122886681098
34.0,2,1.0986122886681098
27.400000000000002,1,0.6931471805599453
33.3,1,0.6931471805599453
33.7,1,0.6931471805599453
19.9,1,0.6931471805599453
33.900000000000006,6,1.9459101490553132
39.2,1,0.6931471805599453
34.2,2,1.0986122886681098
32.900000000000006,1,0.6931471805599453
33.4,4,1.6094379124341003
32.9,1,0.6931471805599453
36.0,1,0.6931471805599453
34.8,1,0.6931471805599453
36.6,1,0.6931471805599453
33.5,1,0.6931471805599453
34.0,1,0.6931471805599453
33.6,1,0.6931471805599453
31.5,1,0.6931471805599453
34.0,1,0.6931471805599453
34.1,1,0.6931471805599453
33.3,2,1.0986122886681098
44.3,1,0.6931471805599453
43.0,1,0.6931471805599453
43.699999999999996,1,0.6931471805599453
23.700000000000003,1,0.6931471805599453
23.6,7,2.0794415416798357
23.6,4,1.6094379124341003
23.5,2,1.0986122886681098
23.5,12,2.5649493574615367
23.5,21,3.091042453358316
23.2,1,0.6931471805599453
23.6,1,0.6931471805599453
23.4,1,0.6931471805599453
23.3,17,2.8903717578961645
23.200000000000003,15,2.772588722239781
39.6,1,0.6931471805599453
24.2,7,2.0794415416798357
23.7,7,2.0794415416798357
23.0,3,1.3862943611198906
23.700000000000003,2,1.0986122886681098
23.0,15,2.772588722239781
38.900000000000006,1,0.6931471805599453
23.5,11,2.4849066497880004
23.0,9,2.302585092994046
30.6,5,1.791759469228055
36.8,1,0.6931471805599453
22.5,34,3.5553480614894135
21.6,2,1.0986122886681098
33.5,1,0.6931471805599453
40.6,1,0.6931471805599453
41.900000000000006,2,1.0986122886681098
42.3,2,1.0986122886681098
38.7,1,0.6931471805599453
37.7,1,0.6931471805599453
23.5,8,2.1972245773362196
22.8,5,1.791759469228055
22.4,1,0.6931471805599453
32.6,1,0.6931471805599453
41.7,1,0.6931471805599453
44.8,1,0.6931471805599453
20.9,14,2.70805020110221
20.700000000000003,11,2.4849066497880004
20.6,9,2.302585092994046
31.9,1,0.6931471805599453
42.2,1,0.6931471805599453
20.6,5,1.791759469228055
42.2,1,0.6931471805599453
42.3,1,0.6931471805599453
20.7,4,1.6094379124341003
40.7,1,0.6931471805599453
42.400000000000006,1,0.6931471805599453
20.7,6,1.9459101490553132
20.799999999999997,2,1.0986122886681098
41.099999999999994,2,1.0986122886681098
42.199999999999996,1,0.6931471805599453
23.0,7,2.0794415416798357
20.700000000000003,2,1.0986122886681098
20.700000000000003,4,1.6094379124341003
18.9,1,0.6931471805599453
16.700000000000003,1,0.6931471805599453
41.8,1,0.6931471805599453
44.3,3,1.3862943611198906
20.8,5,1.791759469228055
17.6,5,1.791759469228055
40.800000000000004,1,0.6931471805599453
43.0,1,0.6931471805599453
44.1,1,0.6931471805599453
20.6,11,2.4849066497880004
20.9,10,2.3978952727983707
8.299999999999999,9,2.302585092994046
20.6,1,0.6931471805599453
19.4,3,1.3862943611198906
14.899999999999999,1,0.6931471805599453
35.7,1,0.6931471805599453
44.0,1,0.6931471805599453
41.7,1,0.6931471805599453
18.4,4,1.6094379124341003
19.5,11,2.4849066497880004
20.700000000000003,2,1.0986122886681098
41.5,1,0.6931471805599453
41.9,1,0.6931471805599453
14.899999999999999,7,2.0794415416798357
19.7,3,1.3862943611198906
20.7,2,1.0986122886681098
23.1,1,0.6931471805599453
41.5,1,0.6931471805599453
43.1,1,0.6931471805599453
42.1,2,1.0986122886681098
42.4,3,1.3862943611198906
42.2,3,1.3862943611198906
42.0,1,0.6931471805599453
12.6,1,0.6931471805599453
14.600000000000001,2,1.0986122886681098
20.0,7,2.0794415416798357
20.7,1,0.6931471805599453
20.6,3,1.3862943611198906
42.4,1,0.6931471805599453
42.5,1,0.6931471805599453
42.300000000000004,2,1.0986122886681098
19.4,1,0.6931471805599453
20.6,14,2.70805020110221
20.2,3,1.3862943611198906
37.5,1,0.6931471805599453
42.5,1,0.6931471805599453
42.2,1,0.6931471805599453
42.2,1,0.6931471805599453
43.8,1,0.6931471805599453
43.8,1,0.6931471805599453
42.5,1,0.6931471805599453
42.4,1,0.6931471805599453
43.900000000000006,1,0.6931471805599453
43.099999999999994,1,0.6931471805599453
18.4,7,2.0794415416798357
13.100000000000001,3,1.3862943611198906
9.5,1,0.6931471805599453
35.4,1,0.6931471805599453
15.0,1,0.6931471805599453
20.1,1,0.6931471805599453
30.900000000000002,1,0.6931471805599453
44.9,1,0.6931471805599453
44.7,1,0.6931471805599453
19.8,1,0.6931471805599453
19.9,1,0.6931471805599453
44.4,1,0.6931471805599453
45.400000000000006,1,0.6931471805599453
22.2,2,1.0986122886681098
35.8,1,0.6931471805599453
41.7,1,0.6931471805599453
45.5,1,0.6931471805599453
45.099999999999994,1,0.6931471805599453
22.5,4,1.6094379124341003
35.099999999999994,2,1.0986122886681098
46.3,1,0.6931471805599453
45.9,2,1.0986122886681098
36.2,1,0.6931471805599453
42.900000000000006,1,0.6931471805599453
46.099999999999994,1,0.6931471805599453
46.0,5,1.791759469228055
42.1,2,1.0986122886681098
21.5,1,0.6931471805599453
22.1,1,0.6931471805599453
31.2,1,0.6931471805599453
46.3,1,0.6931471805599453
46.099999999999994,1,0.6931471805599453
46.300000000000004,1,0.6931471805599453
22.0,1,0.6931471805599453
23.1,1,0.6931471805599453
22.6,1,0.6931471805599453
30.1,1,0.6931471805599453
34.400000000000006,1,0.6931471805599453
17.9,1,0.6931471805599453
18.1,1,0.6931471805599453
22.700000000000003,10,2.3978952727983707
24.1,4,1.6094379124341003
24.3,20,3.044522437723423
43.6,1,0.6931471805599453
46.3,1,0.6931471805599453
46.6,1,0.6931471805599453
45.8,1,0.6931471805599453
17.7,1,0.6931471805599453
22.9,2,1.0986122886681098
23.9,2,1.0986122886681098
24.1,9,2.302585092994046
33.7,1,0.6931471805599453
35.0,1,0.6931471805599453
40.2,2,1.0986122886681098
46.0,1,0.6931471805599453
45.5,1,0.6931471805599453
45.4,1,0.6931471805599453
16.4,1,0.6931471805599453
24.299999999999997,4,1.6094379124341003
26.8,1,0.6931471805599453
34.0,1,0.6931471805599453
18.5,1,0.6931471805599453
32.0,2,1.0986122886681098
34.1,1,0.6931471805599453
46.800000000000004,1,0.6931471805599453
33.0,1,0.6931471805599453
44.2,1,0.6931471805599453
44.099999999999994,1,0.6931471805599453
46.1,1,0.6931471805599453
17.9,1,0.6931471805599453
17.7,1,0.6931471805599453
32.0,1,0.6931471805599453
33.5,1,0.6931471805599453
35.2,2,1.0986122886681098
46.4,3,1.3862943611198906
46.4,1,0.6931471805599453
17.5,4,1.6094379124341003
25.9,1,0.6931471805599453
41.0,1,0.6931471805599453
40.9,1,0.6931471805599453
41.2,1,0.6931471805599453
41.9,1,0.6931471805599453
45.699999999999996,1,0.6931471805599453
46.5,1,0.6931471805599453
46.7,2,1.0986122886681098
47.0,1,0.6931471805599453
31.9,2,1.0986122886681098
44.4,1,0.6931471805599453
45.9,1,0.6931471805599453
32.8,2,1.0986122886681098
34.9,2,1.0986122886681098
33.1,3,1.3862943611198906
33.3,3,1.3862943611198906
33.599999999999994,1,0.6931471805599453
46.7,1,0.6931471805599453
19.700000000000003,1,0.6931471805599453
34.0,1,0.6931471805599453
33.3,1,0.6931471805599453
44.3,1,0.6931471805599453
46.7,1,0.6931471805599453
46.7,1,0.6931471805599453
23.9,1,0.6931471805599453
22.2,5,1.791759469228055
32.3,1,0.6931471805599453
31.3,1,0.6931471805599453
46.0,1,0.6931471805599453
16.4,1,0.6931471805599453
28.7,1,0.6931471805599453
31.4,2,1.0986122886681098
33.1,2,1.0986122886681098
34.900000000000006,1,0.6931471805599453
29.1,1,0.6931471805599453
28.3,3,1.3862943611198906
31.2,1,0.6931471805599453
32.4,5,1.791759469228055
19.5,1,0.6931471805599453
19.1,1,0.6931471805599453
28.0,2,1.0986122886681098
29.6,3,1.3862943611198906
31.9,2,1.0986122886681098
30.5,2,1.0986122886681098
31.799999999999997,1,0.6931471805599453
40.6,1,0.6931471805599453
46.2,1,0.6931471805599453
15.5,1,0.6931471805599453
23.0,3,1.3862943611198906
17.1,1,0.6931471805599453
28.1,4,1.6094379124341003
26.799999999999997,2,1.0986122886681098
29.9,4,1.6094379124341003
29.299999999999997,1,0.6931471805599453
32.7,1,0.6931471805599453
21.4,3,1.3862943611198906
21.299999999999997,5,1.791759469228055
25.9,4,1.6094379124341003
26.0,2,1.0986122886681098
27.6,1,0.6931471805599453
28.1,1,0.6931471805599453
26.0,2,1.0986122886681098
40.3,1,0.6931471805599453
21.6,2,1.0986122886681098
21.1,1,0.6931471805599453
18.4,2,1.0986122886681098
26.299999999999997,5,1.791759469228055
23.6,2,1.0986122886681098
25.7,1,0.6931471805599453
26.5,2,1.0986122886681098
27.3,1,0.6931471805599453
21.6,4,1.6094379124341003
24.1,5,1.791759469228055
24.0,1,0.6931471805599453
24.2,1,0.6931471805599453
39.7,1,0.6931471805599453
43.5,1,0.6931471805599453
17.5,1,0.6931471805599453
24.1,1,0.6931471805599453
23.799999999999997,2,1.0986122886681098
23.1,1,0.6931471805599453
16.1,2,1.0986122886681098
22.1,2,1.0986122886681098
21.9,9,2.302585092994046
22.3,2,1.0986122886681098
40.9,1,0.6931471805599453
15.099999999999998,27,3.332204510175204
15.299999999999999,4,1.6094379124341003
15.999999999999998,16,2.833213344056216
22.2,1,0.6931471805599453
21.7,7,2.0794415416798357
21.9,1,0.6931471805599453
21.7,4,1.6094379124341003
21.799999999999997,2,1.0986122886681098
21.3,1,0.6931471805599453
21.7,11,2.4849066497880004
13.3,4,1.6094379124341003
22.4,6,1.9459101490553132
22.1,3,1.3862943611198906
21.200000000000003,1,0.6931471805599453
20.6,1,0.6931471805599453
20.4,1,0.6931471805599453
19.4,3,1.3862943611198906
22.6,2,1.0986122886681098
31.599999999999998,1,0.6931471805599453
38.4,1,0.6931471805599453
39.8,1,0.6931471805599453
40.8,1,0.6931471805599453
13.700000000000001,1,0.6931471805599453
11.5,1,0.6931471805599453
17.9,1,0.6931471805599453
22.5,1,0.6931471805599453
22.2,9,2.302585092994046
21.4,3,1.3862943611198906
19.1,8,2.1972245773362196
24.8,1,0.6931471805599453
42.2,1,0.6931471805599453
45.9,1,0.6931471805599453
10.5,1,0.6931471805599453
12.6,2,1.0986122886681098
22.9,2,1.0986122886681098
21.7,1,0.6931471805599453
25.200000000000003,1,0.6931471805599453
26.1,1,0.6931471805599453
31.1,1,0.6931471805599453
42.3,1,0.6931471805599453
43.6,1,0.6931471805599453
43.3,1,0.6931471805599453
44.5,1,0.6931471805599453
44.9,1,0.6931471805599453
45.099999999999994,1,0.6931471805599453
12.1,1,0.6931471805599453
21.2,6,1.9459101490553132
22.9,2,1.0986122886681098
23.0,5,1.791759469228055
28.7,1,0.6931471805599453
42.3,1,0.6931471805599453
45.0,1,0.6931471805599453
22.3,10,2.3978952727983707
21.9,2,1.0986122886681098
22.9,2,1.0986122886681098
21.5,4,1.6094379124341003
24.1,3,1.3862943611198906
23.5,2,1.0986122886681098
22.8,11,2.4849066497880004
22.2,1,0.6931471805599453
20.4,4,1.6094379124341003
11.799999999999999,1,0.6931471805599453
11.6,7,2.0794415416798357
14.6,4,1.6094379124341003
24.299999999999997,4,1.6094379124341003
23.6,3,1.3862943611198906
23.1,14,2.70805020110221
23.0,8,2.1972245773362196
28.0,1,0.6931471805599453
39.900000000000006,1,0.6931471805599453
45.0,1,0.6931471805599453
20.5,1,0.6931471805599453
17.200000000000003,1,0.6931471805599453
22.8,2,1.0986122886681098
22.8,23,3.1780538303479458
23.2,1,0.6931471805599453
22.6,6,1.9459101490553132
21.2,7,2.0794415416798357
26.9,1,0.6931471805599453
9.9,1,0.6931471805599453
20.5,1,0.6931471805599453
23.5,1,0.6931471805599453
24.1,7,2.0794415416798357
23.1,1,0.6931471805599453
19.9,1,0.6931471805599453
21.6,3,1.3862943611198906
22.4,7,2.0794415416798357
22.4,1,0.6931471805599453
27.9,7,2.0794415416798357
27.7,1,0.6931471805599453
29.5,1,0.6931471805599453
39.7,1,0.6931471805599453
39.6,1,0.6931471805599453
7.4,1,0.6931471805599453
14.1,21,3.091042453358316
20.8,2,1.0986122886681098
20.4,2,1.0986122886681098
20.7,1,0.6931471805599453
21.3,1,0.6931471805599453
24.1,2,1.0986122886681098
21.9,2,1.0986122886681098
21.8,1,0.6931471805599453
30.7,1,0.6931471805599453
40.1,1,0.6931471805599453
38.3,1,0.6931471805599453
40.4,1,0.6931471805599453
12.9,2,1.0986122886681098
21.299999999999997,5,1.791759469228055
21.099999999999998,3,1.3862943611198906
18.8,1,0.6931471805599453
19.700000000000003,1,0.6931471805599453
21.5,1,0.6931471805599453
21.4,1,0.6931471805599453
22.1,2,1.0986122886681098
20.6,10,2.3978952727983707
22.3,5,1.791759469228055
25.1,1,0.6931471805599453
23.5,1,0.6931471805599453
22.4,2,1.0986122886681098
40.400000000000006,2,1.0986122886681098
10.8,2,1.0986122886681098
12.799999999999999,2,1.0986122886681098
10.4,6,1.9459101490553132
19.3,15,2.772588722239781
14.8,4,1.6094379124341003
20.8,2,1.0986122886681098
22.299999999999997,1,0.6931471805599453
22.0,1,0.6931471805599453
24.799999999999997,1,0.6931471805599453
31.1,1,0.6931471805599453
43.400000000000006,2,1.0986122886681098
20.6,12,2.5649493574615367
21.1,1,0.6931471805599453
21.7,3,1.3862943611198906
22.9,1,0.6931471805599453
22.3,1,0.6931471805599453
22.1,3,1.3862943611198906
21.6,4,1.6094379124341003
23.1,3,1.3862943611198906
23.2,1,0.6931471805599453
22.6,1,0.6931471805599453
24.0,1,0.6931471805599453
20.1,1,0.6931471805599453
20.8,1,0.6931471805599453
21.200000000000003,1,0.6931471805599453
20.9,1,0.6931471805599453
21.2,2,1.0986122886681098
23.6,1,0.6931471805599453
25.299999999999997,2,1.0986122886681098
23.200000000000003,2,1.0986122886681098
32.5,1,0.6931471805599453
31.3,1,0.6931471805599453
28.7,1,0.6931471805599453
22.5,1,0.6931471805599453
22.0,1,0.6931471805599453
23.099999999999998,1,0.6931471805599453
23.799999999999997,4,1.6094379124341003
24.2,1,0.6931471805599453
25.6,3,1.3862943611198906
25.8,1,0.6931471805599453
26.0,2,1.0986122886681098
26.6,1,0.6931471805599453
28.6,1,0.6931471805599453
39.8,2,1.0986122886681098
43.5,1,0.6931471805599453
10.299999999999999,1,0.6931471805599453
11.299999999999999,2,1.0986122886681098
8.7,5,1.791759469228055
20.9,1,0.6931471805599453
24.4,1,0.6931471805599453
25.099999999999998,1,0.6931471805599453
23.8,1,0.6931471805599453
37.2,1,0.6931471805599453
35.2,1,0.6931471805599453
27.7,1,0.6931471805599453
39.599999999999994,1,0.6931471805599453
9.600000000000001,1,0.6931471805599453
14.5,1,0.6931471805599453
23.1,1,0.6931471805599453
21.2,1,0.6931471805599453
23.799999999999997,4,1.6094379124341003
24.200000000000003,3,1.3862943611198906
23.400000000000002,1,0.6931471805599453
20.8,1,0.6931471805599453
21.7,1,0.6931471805599453
30.6,2,1.0986122886681098
29.2,2,1.0986122886681098
38.099999999999994,1,0.6931471805599453
34.6,1,0.6931471805599453
22.099999999999998,1,0.6931471805599453
23.6,6,1.9459101490553132
23.1,1,0.6931471805599453
31.3,2,1.0986122886681098
39.3,1,0.6931471805599453
37.3,2,1.0986122886681098
36.6,1,0.6931471805599453
35.3,1,0.6931471805599453
37.4,1,0.6931471805599453
41.8,1,0.6931471805599453
22.4,1,0.6931471805599453
22.099999999999998,2,1.0986122886681098
22.1,1,0.6931471805599453
24.6,2,1.0986122886681098
37.8,1,0.6931471805599453
34.8,1,0.6931471805599453
35.0,1,0.6931471805599453
39.4,1,0.6931471805599453
37.7,1,0.6931471805599453
41.8,1,0.6931471805599453
26.9,2,1.0986122886681098
24.700000000000003,1,0.6931471805599453
33.5,1,0.6931471805599453
39.400000000000006,1,0.6931471805599453
15.600000000000001,5,1.791759469228055
11.4,4,1.6094379124341003
20.8,1,0.6931471805599453
24.7,3,1.3862943611198906
20.7,1,0.6931471805599453
23.5,1,0.6931471805599453
39.0,1,0.6931471805599453
17.900000000000002,7,2.0794415416798357
15.399999999999999,2,1.0986122886681098
13.400000000000002,1,0.6931471805599453
16.099999999999998,15,2.772588722239781
13.2,3,1.3862943611198906
25.2,5,1.791759469228055
24.200000000000003,4,1.6094379124341003
24.1,2,1.0986122886681098
39.3,1,0.6931471805599453
39.099999999999994,1,0.6931471805599453
39.2,2,1.0986122886681098
39.0,1,0.6931471805599453
39.1,2,1.0986122886681098
17.8,1,0.6931471805599453
15.1,2,1.0986122886681098
17.200000000000003,4,1.6094379124341003
25.5,7,2.0794415416798357
25.2,3,1.3862943611198906
35.9,1,0.6931471805599453
39.4,1,0.6931471805599453
39.0,2,1.0986122886681098
39.099999999999994,1,0.6931471805599453
39.0,1,0.6931471805599453
41.900000000000006,1,0.6931471805599453
42.6,1,0.6931471805599453
15.3,1,0.6931471805599453
17.3,39,3.6888794541139363
16.6,36,3.6109179126442243
16.099999999999998,4,1.6094379124341003
16.1,4,1.6094379124341003
18.0,1,0.6931471805599453
21.400000000000002,1,0.6931471805599453
18.299999999999997,1,0.6931471805599453
25.599999999999998,1,0.6931471805599453
25.4,1,0.6931471805599453
20.3,1,0.6931471805599453
39.0,1,0.6931471805599453
39.3,1,0.6931471805599453
39.4,1,0.6931471805599453
38.5,3,1.3862943611198906
37.5,1,0.6931471805599453
17.099999999999998,1,0.6931471805599453
16.1,11,2.4849066497880004
16.700000000000003,4,1.6094379124341003
17.6,2,1.0986122886681098
32.3,9,2.302585092994046
38.3,1,0.6931471805599453
16.9,2,1.0986122886681098
17.3,2,1.0986122886681098
34.7,1,0.6931471805599453
35.599999999999994,1,0.6931471805599453
31.1,1,0.6931471805599453
39.099999999999994,1,0.6931471805599453
16.700000000000003,1,0.6931471805599453
16.4,12,2.5649493574615367
13.4,2,1.0986122886681098
15.299999999999999,1,0.6931471805599453
22.4,1,0.6931471805599453
16.6,8,2.1972245773362196
16.1,15,2.772588722239781
14.399999999999999,8,2.1972245773362196
15.4,2,1.0986122886681098
22.8,2,1.0986122886681098
21.700000000000003,4,1.6094379124341003
22.0,1,0.6931471805599453
21.8,2,1.0986122886681098
22.5,1,0.6931471805599453
35.0,1,0.6931471805599453
40.8,1,0.6931471805599453
17.200000000000003,20,3.044522437723423
16.3,19,2.995732273553991
14.399999999999999,3,1.3862943611198906
21.900000000000002,1,0.6931471805599453
21.9,1,0.6931471805599453
24.200000000000003,1,0.6931471805599453
18.5,15,2.772588722239781
17.6,1,0.6931471805599453
16.3,5,1.791759469228055
13.5,16,2.833213344056216
12.499999999999998,11,2.4849066497880004
16.3,4,1.6094379124341003
30.8,1,0.6931471805599453
38.5,1,0.6931471805599453
15.600000000000001,2,1.0986122886681098
14.2,13,2.6390573296152584
11.3,2,1.0986122886681098
12.399999999999999,1,0.6931471805599453
16.8,1,0.6931471805599453
19.6,2,1.0986122886681098
18.099999999999998,4,1.6094379124341003
39.2,1,0.6931471805599453
39.1,2,1.0986122886681098
16.8,3,1.3862943611198906
14.3,1,0.6931471805599453
11.100000000000001,2,1.0986122886681098
12.899999999999999,6,1.9459101490553132
17.5,2,1.0986122886681098
16.3,2,1.0986122886681098
18.8,3,1.3862943611198906
19.9,7,2.0794415416798357
38.4,1,0.6931471805599453
15.799999999999999,1,0.6931471805599453
17.799999999999997,3,1.3862943611198906
15.1,2,1.0986122886681098
18.2,1,0.6931471805599453
16.9,2,1.0986122886681098
16.900000000000002,5,1.791759469228055
39.099999999999994,1,0.6931471805599453
14.399999999999999,1,0.6931471805599453
18.1,1,0.6931471805599453
16.8,6,1.9459101490553132
16.900000000000002,3,1.3862943611198906
36.599999999999994,1,0.6931471805599453
22.4,4,1.6094379124341003
16.900000000000002,1,0.6931471805599453
37.4,2,1.0986122886681098
38.599999999999994,1,0.6931471805599453
33.9,2,1.0986122886681098
32.5,1,0.6931471805599453
17.6,1,0.6931471805599453
21.3,1,0.6931471805599453
36.3,2,1.0986122886681098
38.6,1,0.6931471805599453
32.7,1,0.6931471805599453
34.1,1,0.6931471805599453
39.7,1,0.6931471805599453
20.200000000000003,1,0.6931471805599453
18.0,2,1.0986122886681098
18.0,6,1.9459101490553132
21.5,1,0.6931471805599453
21.5,1,0.6931471805599453
30.3,1,0.6931471805599453
36.400000000000006,7,2.0794415416798357
36.900000000000006,1,0.6931471805599453
37.5,1,0.6931471805599453
33.6,1,0.6931471805599453
33.4,2,1.0986122886681098
34.7,1,0.6931471805599453
35.7,1,0.6931471805599453
38.0,2,1.0986122886681098
38.0,4,1.6094379124341003
38.1,1,0.6931471805599453
19.5,9,2.302585092994046
17.200000000000003,1,0.6931471805599453
17.0,3,1.3862943611198906
12.399999999999999,1,0.6931471805599453
21.700000000000003,1,0.6931471805599453
25.3,1,0.6931471805599453
36.400000000000006,1,0.6931471805599453
36.599999999999994,2,1.0986122886681098
32.8,4,1.6094379124341003
38.099999999999994,1,0.6931471805599453
15.9,2,1.0986122886681098
21.299999999999997,1,0.6931471805599453
21.099999999999998,7,2.0794415416798357
17.8,18,2.9444389791664403
17.4,1,0.6931471805599453
17.5,2,1.0986122886681098
17.400000000000002,1,0.6931471805599453
33.4,6,1.9459101490553132
34.8,1,0.6931471805599453
37.8,1,0.6931471805599453
37.9,1,0.6931471805599453
37.400000000000006,1,0.6931471805599453
17.4,1,0.6931471805599453
17.599999999999998,1,0.6931471805599453
17.9,1,0.6931471805599453
35.2,1,0.6931471805599453
37.4,1,0.6931471805599453
37.8,1,0.6931471805599453
18.8,9,2.302585092994046
17.7,1,0.6931471805599453
17.7,2,1.0986122886681098
34.1,1,0.6931471805599453
36.1,1,0.6931471805599453
36.8,1,0.6931471805599453
33.9,1,0.6931471805599453
38.7,4,1.6094379124341003
17.5,1,0.6931471805599453
17.3,1,0.6931471805599453
33.9,2,1.0986122886681098
34.1,2,1.0986122886681098
36.2,2,1.0986122886681098
36.400000000000006,1,0.6931471805599453
36.8,1,0.6931471805599453
15.9,1,0.6931471805599453
19.599999999999998,1,0.6931471805599453
19.700000000000003,2,1.0986122886681098
34.4,3,1.3862943611198906
36.5,1,0.6931471805599453
16.8,1,0.6931471805599453
34.4,2,1.0986122886681098
36.099999999999994,1,0.6931471805599453
37.5,1,0.6931471805599453
34.7,1,0.6931471805599453
36.0,2,1.0986122886681098
36.8,1,0.6931471805599453
26.400000000000002,1,0.6931471805599453
26.9,1,0.6931471805599453
35.6,2,1.0986122886681098
36.3,1,0.6931471805599453
24.1,1,0.6931471805599453
35.5,1,0.6931471805599453
35.7,4,1.6094379124341003
35.8,1,0.6931471805599453
36.2,1,0.6931471805599453
19.1,1,0.6931471805599453
24.6,6,1.9459101490553132
35.0,1,0.6931471805599453
35.1,1,0.6931471805599453
32.5,1,0.6931471805599453
17.6,3,1.3862943611198906
18.599999999999998,4,1.6094379124341003
34.9,1,0.6931471805599453
34.5,1,0.6931471805599453
35.6,1,0.6931471805599453
35.7,1,0.6931471805599453
25.4,2,1.0986122886681098
34.7,3,1.3862943611198906
35.5,2,1.0986122886681098
34.2,3,1.3862943611198906
34.2,2,1.0986122886681098
24.8,1,0.6931471805599453
34.5,1,0.6931471805599453
35.3,1,0.6931471805599453
34.9,1,0.6931471805599453
34.5,1,0.6931471805599453
34.1,2,1.0986122886681098
34.1,1,0.6931471805599453
35.7,1,0.6931471805599453
19.200000000000003,12,2.5649493574615367
20.799999999999997,8,2.1972245773362196
4.5,1,0.6931471805599453
16.6,2,1.0986122886681098
31.5,1,0.6931471805599453
34.0,1,0.6931471805599453
34.0,1,0.6931471805599453
35.3,1,0.6931471805599453
35.0,2,1.0986122886681098
35.5,1,0.6931471805599453
35.5,1,0.6931471805599453
20.2,1,0.6931471805599453
9.299999999999999,1,0.6931471805599453
34.7,1,0.6931471805599453
13.4,1,0.6931471805599453
32.9,1,0.6931471805599453
34.5,1,0.6931471805599453
5.0,2,1.0986122886681098
4.799999999999999,1,0.6931471805599453
35.8,1,0.6931471805599453
35.6,1,0.6931471805599453
34.2,1,0.6931471805599453
25.0,10,2.3978952727983707
32.1,1,0.6931471805599453
13.1,1,0.6931471805599453
9.0,1,0.6931471805599453
5.800000000000001,2,1.0986122886681098
9.5,1,0.6931471805599453
22.400000000000002,2,1.0986122886681098
33.6,2,1.0986122886681098
10.500000000000002,1,0.6931471805599453
34.0,2,1.0986122886681098
34.0,3,1.3862943611198906
22.5,3,1.3862943611198906
33.7,4,1.6094379124341003
33.4,1,0.6931471805599453
33.6,1,0.6931471805599453
21.5,3,1.3862943611198906
26.1,1,0.6931471805599453
32.5,1,0.6931471805599453
34.5,1,0.6931471805599453
33.3,1,0.6931471805599453
33.3,4,1.6094379124341003
12.5,1,0.6931471805599453
26.3,1,0.6931471805599453
31.9,1,0.6931471805599453
34.4,2,1.0986122886681098
33.400000000000006,1,0.6931471805599453
33.3,1,0.6931471805599453
33.099999999999994,8,2.1972245773362196
27.5,1,0.6931471805599453
27.0,3,1.3862943611198906
32.0,43,3.784189633918261
31.799999999999997,1,0.6931471805599453
33.4,1,0.6931471805599453
14.899999999999999,1,0.6931471805599453
25.0,2,1.0986122886681098
31.5,1,0.6931471805599453
31.6,2,1.0986122886681098
33.400000000000006,1,0.6931471805599453
33.1,1,0.6931471805599453
24.900000000000002,1,0.6931471805599453
16.3,8,2.1972245773362196
31.1,1,0.6931471805599453
31.200000000000003,1,0.6931471805599453
33.1,1,0.6931471805599453
14.0,1,0.6931471805599453
33.2,1,0.6931471805599453
33.1,1,0.6931471805599453
33.3,1,0.6931471805599453
33.3,1,0.6931471805599453
33.0,1,0.6931471805599453
31.5,1,0.6931471805599453
20.1,1,0.6931471805599453
11.999999999999998,1,0.6931471805599453
14.7,1,0.6931471805599453
26.599999999999998,1,0.6931471805599453
33.4,1,0.6931471805599453
21.5,1,0.6931471805599453
19.1,4,1.6094379124341003
22.6,2,1.0986122886681098
33.1,3,1.3862943611198906
16.299999999999997,2,1.0986122886681098
16.5,1,0.6931471805599453
14.900000000000002,1,0.6931471805599453
19.2,3,1.3862943611198906
19.1,1,0.6931471805599453
19.2,11,2.4849066497880004
19.2,2,1.0986122886681098
25.3,1,0.6931471805599453
32.3,1,0.6931471805599453
22.299999999999997,1,0.6931471805599453
16.4,1,0.6931471805599453
16.6,1,0.6931471805599453
16.6,1,0.6931471805599453
15.7,10,2.3978952727983707
16.5,1,0.6931471805599453
16.8,2,1.0986122886681098
16.2,1,0.6931471805599453
14.5,1,0.6931471805599453
39.8,1,0.6931471805599453
12.9,4,1.6094379124341003
16.200000000000003,14,2.70805020110221
16.0,24,3.2188758248682006
15.799999999999999,83,4.430816798843313
16.0,40,3.713572066704308
16.799999999999997,13,2.6390573296152584
32.0,1,0.6931471805599453
17.5,1,0.6931471805599453
17.9,1,0.6931471805599453
19.7,1,0.6931471805599453
15.7,1,0.6931471805599453
15.5,2,1.0986122886681098
15.4,7,2.0794415416798357
14.9,8,2.1972245773362196
14.8,24,3.2188758248682006
14.299999999999999,14,2.70805020110221
29.1,7,2.0794415416798357
31.0,1,0.6931471805599453
31.1,1,0.6931471805599453
17.2,1,0.6931471805599453
20.1,1,0.6931471805599453
24.2,1,0.6931471805599453
15.4,16,2.833213344056216
15.200000000000001,12,2.5649493574615367
13.0,2,1.0986122886681098
12.5,3,1.3862943611198906
16.1,3,1.3862943611198906
16.0,1,0.6931471805599453
32.8,1,0.6931471805599453
13.799999999999999,7,2.0794415416798357
14.399999999999999,2,1.0986122886681098
15.200000000000001,1,0.6931471805599453
14.3,1,0.6931471805599453
7.499999999999999,2,1.0986122886681098
13.899999999999999,3,1.3862943611198906
16.0,7,2.0794415416798357
24.3,1,0.6931471805599453
16.0,2,1.0986122886681098
26.9,1,0.6931471805599453
18.6,2,1.0986122886681098
14.400000000000002,4,1.6094379124341003
14.4,1,0.6931471805599453
14.4,3,1.3862943611198906
12.0,14,2.70805020110221
2.3000000000000007,1,0.6931471805599453
9.200000000000001,1,0.6931471805599453
18.700000000000003,2,1.0986122886681098
31.8,1,0.6931471805599453
26.700000000000003,1,0.6931471805599453
15.200000000000001,11,2.4849066497880004
14.299999999999999,4,1.6094379124341003
11.0,10,2.3978952727983707
5.1000000000000005,2,1.0986122886681098
34.099999999999994,8,2.1972245773362196
15.7,4,1.6094379124341003
14.700000000000001,3,1.3862943611198906
4.500000000000001,1,0.6931471805599453
12.3,4,1.6094379124341003
15.799999999999999,1,0.6931471805599453
14.899999999999999,1,0.6931471805599453
12.7,2,1.0986122886681098
15.4,1,0.6931471805599453
23.1,1,0.6931471805599453
19.7,1,0.6931471805599453
16.0,1,0.6931471805599453
16.2,1,0.6931471805599453
16.099999999999998,3,1.3862943611198906
13.8,4,1.6094379124341003
10.5,1,0.6931471805599453
21.799999999999997,1,0.6931471805599453
18.5,5,1.791759469228055
15.299999999999999,1,0.6931471805599453
15.600000000000001,2,1.0986122886681098
15.799999999999999,1,0.6931471805599453
16.599999999999998,4,1.6094379124341003
14.900000000000002,31,3.4657359027997265
9.3,20,3.044522437723423
18.4,2,1.0986122886681098
17.799999999999997,1,0.6931471805599453
35.8,1,0.6931471805599453
22.4,1,0.6931471805599453
16.700000000000003,1,0.6931471805599453
16.9,6,1.9459101490553132
14.5,1,0.6931471805599453
9.7,1,0.6931471805599453
4.0,1,0.6931471805599453
18.7,1,0.6931471805599453
20.0,1,0.6931471805599453
20.0,2,1.0986122886681098
18.7,1,0.6931471805599453
18.1,10,2.3978952727983707
17.0,1,0.6931471805599453
17.200000000000003,1,0.6931471805599453
15.1,2,1.0986122886681098
6.2,1,0.6931471805599453
5.800000000000001,2,1.0986122886681098
13.000000000000002,3,1.3862943611198906
13.0,3,1.3862943611198906
36.3,2,1.0986122886681098
16.299999999999997,2,1.0986122886681098
20.9,1,0.6931471805599453
17.8,8,2.1972245773362196
12.4,7,2.0794415416798357
21.8,2,1.0986122886681098
20.9,5,1.791759469228055
35.8,2,1.0986122886681098
35.2,10,2.3978952727983707
34.6,1,0.6931471805599453
19.7,1,0.6931471805599453
18.400000000000002,9,2.302585092994046
17.8,20,3.044522437723423
12.0,1,0.6931471805599453
16.299999999999997,1,0.6931471805599453
21.9,1,0.6931471805599453
33.9,1,0.6931471805599453
34.6,13,2.6390573296152584
17.3,5,1.791759469228055
14.7,1,0.6931471805599453
18.9,14,2.70805020110221
18.6,1,0.6931471805599453
18.5,2,1.0986122886681098
12.9,8,2.1972245773362196
11.3,2,1.0986122886681098
17.799999999999997,2,1.0986122886681098
35.4,1,0.6931471805599453
19.700000000000003,1,0.6931471805599453
16.599999999999998,10,2.3978952727983707
15.099999999999998,30,3.4339872044851463
14.1,8,2.1972245773362196
13.6,9,2.302585092994046
18.9,17,2.8903717578961645
18.9,3,1.3862943611198906
18.6,4,1.6094379124341003
12.100000000000001,2,1.0986122886681098
36.5,3,1.3862943611198906
19.8,1,0.6931471805599453
17.6,18,2.9444389791664403
15.500000000000002,32,3.4965075614664802
14.1,36,3.6109179126442243
13.900000000000002,2,1.0986122886681098
19.0,7,2.0794415416798357
14.2,1,0.6931471805599453
38.0,1,0.6931471805599453
36.4,1,0.6931471805599453
21.4,1,0.6931471805599453
15.8,15,2.772588722239781
15.2,15,2.772588722239781
14.400000000000002,10,2.3978952727983707
17.8,2,1.0986122886681098
33.800000000000004,4,1.6094379124341003
20.400000000000002,1,0.6931471805599453
18.5,1,0.6931471805599453
16.799999999999997,1,0.6931471805599453
15.099999999999998,1,0.6931471805599453
17.8,5,1.791759469228055
17.7,6,1.9459101490553132
17.3,3,1.3862943611198906
27.6,1,0.6931471805599453
18.299999999999997,8,2.1972245773362196
18.299999999999997,2,1.0986122886681098
26.2,1,0.6931471805599453
29.2,1,0.6931471805599453
38.7,8,2.1972245773362196
39.099999999999994,12,2.5649493574615367
18.1,1,0.6931471805599453
16.9,1,0.6931471805599453
17.4,1,0.6931471805599453
21.5,1,0.6931471805599453
21.5,1,0.6931471805599453
15.700000000000001,1,0.6931471805599453
22.9,1,0.6931471805599453
22.2,1,0.6931471805599453
24.5,55,4.02535169073515
15.700000000000001,2,1.0986122886681098
21.700000000000003,1,0.6931471805599453
21.9,1,0.6931471805599453
39.0,3,1.3862943611198906
15.000000000000002,1,0.6931471805599453
21.5,1,0.6931471805599453
40.0,1,0.6931471805599453
19.9,1,0.6931471805599453
15.0,1,0.6931471805599453
39.0,2,1.0986122886681098
30.6,8,2.1972245773362196
31.5,2,1.0986122886681098
33.0,1,0.6931471805599453
14.5,3,1.3862943611198906
14.399999999999999,1,0.6931471805599453
14.099999999999998,1,0.6931471805599453
32.8,1,0.6931471805599453
32.7,6,1.9459101490553132
35.2,1,0.6931471805599453
28.0,1,0.6931471805599453
14.299999999999999,2,1.0986122886681098
10.9,1,0.6931471805599453
32.8,3,1.3862943611198906
13.7,2,1.0986122886681098
12.9,2,1.0986122886681098
18.8,1,0.6931471805599453
13.7,1,0.6931471805599453
13.099999999999998,2,1.0986122886681098
36.599999999999994,3,1.3862943611198906
38.6,1,0.6931471805599453
31.299999999999997,1,0.6931471805599453
11.700000000000001,1,0.6931471805599453
8.600000000000001,1,0.6931471805599453
12.1,1,0.6931471805599453
20.3,1,0.6931471805599453
20.3,1,0.6931471805599453
18.7,1,0.6931471805599453
9.8,5,1.791759469228055
13.7,1,0.6931471805599453
31.700000000000003,1,0.6931471805599453
14.200000000000001,1,0.6931471805599453
22.2,1,0.6931471805599453
9.5,2,1.0986122886681098
9.2,17,2.8903717578961645
11.100000000000001,11,2.4849066497880004
11.899999999999999,1,0.6931471805599453
26.299999999999997,1,0.6931471805599453
16.700000000000003,8,2.1972245773362196
13.6,1,0.6931471805599453
16.2,1,0.6931471805599453
16.400000000000002,1,0.6931471805599453
9.400000000000002,5,1.791759469228055
12.8,1,0.6931471805599453
13.9,1,0.6931471805599453
34.8,1,0.6931471805599453
18.400000000000002,1,0.6931471805599453
9.899999999999999,3,1.3862943611198906
32.4,2,1.0986122886681098
34.0,1,0.6931471805599453
30.700000000000003,1,0.6931471805599453
19.599999999999998,4,1.6094379124341003
16.8,5,1.791759469228055
18.6,1,0.6931471805599453
18.200000000000003,2,1.0986122886681098
9.399999999999999,2,1.0986122886681098
7.600000000000001,7,2.0794415416798357
30.6,5,1.791759469228055
34.4,3,1.3862943611198906
18.299999999999997,1,0.6931471805599453
18.0,1,0.6931471805599453
17.7,1,0.6931471805599453
13.600000000000001,1,0.6931471805599453
5.099999999999998,5,1.791759469228055
33.5,3,1.3862943611198906
32.300000000000004,1,0.6931471805599453
16.700000000000003,1,0.6931471805599453
17.7,4,1.6094379124341003
6.199999999999999,2,1.0986122886681098
34.7,2,1.0986122886681098
36.2,1,0.6931471805599453
19.7,2,1.0986122886681098
33.8,1,0.6931471805599453
34.8,1,0.6931471805599453
29.5,1,0.6931471805599453
19.900000000000002,1,0.6931471805599453
35.300000000000004,2,1.0986122886681098
29.6,3,1.3862943611198906
17.700000000000003,1,0.6931471805599453
6.300000000000001,1,0.6931471805599453
36.9,4,1.6094379124341003
36.5,13,2.6390573296152584
33.9,9,2.302585092994046
16.9,1,0.6931471805599453
7.499999999999999,1,0.6931471805599453
11.0,4,1.6094379124341003
31.0,2,1.0986122886681098
31.799999999999997,1,0.6931471805599453
25.9,1,0.6931471805599453
15.500000000000002,3,1.3862943611198906
30.1,2,1.0986122886681098
29.4,1,0.6931471805599453
16.4,2,1.0986122886681098
10.8,2,1.0986122886681098
15.8,1,0.6931471805599453
37.3,1,0.6931471805599453
30.2,3,1.3862943611198906
17.0,1,0.6931471805599453
7.1,2,1.0986122886681098
15.100000000000001,2,1.0986122886681098
16.2,2,1.0986122886681098
2.5,1,0.6931471805599453
19.0,1,0.6931471805599453
13.999999999999998,1,0.6931471805599453
18.5,2,1.0986122886681098
6.600000000000001,7,2.0794415416798357
5.400000000000002,3,1.3862943611198906
6.800000000000001,1,0.6931471805599453
7.0,1,0.6931471805599453
6.899999999999999,4,1.6094379124341003
7.0,2,1.0986122886681098
30.3,1,0.6931471805599453
28.599999999999998,2,1.0986122886681098
16.200000000000003,1,0.6931471805599453
15.8,3,1.3862943611198906
4.900000000000002,1,0.6931471805599453
10.8,1,0.6931471805599453
17.8,1,0.6931471805599453
29.200000000000003,1,0.6931471805599453
28.1,1,0.6931471805599453
16.1,4,1.6094379124341003
23.200000000000003,1,0.6931471805599453
26.5,1,0.6931471805599453
25.5,3,1.3862943611198906
15.2,1,0.6931471805599453
14.2,3,1.3862943611198906
16.6,2,1.0986122886681098
31.4,1,0.6931471805599453
31.1,3,1.3862943611198906
15.3,1,0.6931471805599453
31.6,6,1.9459101490553132
16.700000000000003,1,0.6931471805599453
31.7,2,1.0986122886681098
31.400000000000002,1,0.6931471805599453
2.8000000000000007,2,1.0986122886681098
4.5,3,1.3862943611198906
32.8,4,1.6094379124341003
33.3,3,1.3862943611198906
31.9,5,1.791759469228055
31.3,7,2.0794415416798357
30.400000000000002,6,1.9459101490553132
29.4,1,0.6931471805599453
32.5,5,1.791759469228055
16.7,2,1.0986122886681098
15.8,2,1.0986122886681098
7.999999999999998,1,0.6931471805599453
6.0,3,1.3862943611198906
4.300000000000001,1,0.6931471805599453
4.0,1,0.6931471805599453
33.3,5,1.791759469228055
32.0,2,1.0986122886681098
31.1,5,1.791759469228055
13.400000000000002,1,0.6931471805599453
17.799999999999997,1,0.6931471805599453
5.899999999999999,2,1.0986122886681098
29.2,1,0.6931471805599453
13.700000000000001,3,1.3862943611198906
15.1,1,0.6931471805599453
5.899999999999999,2,1.0986122886681098
3.3000000000000007,1,0.6931471805599453
5.600000000000001,1,0.6931471805599453
3.1000000000000014,1,0.6931471805599453
3.3000000000000007,1,0.6931471805599453
7.299999999999997,7,2.0794415416798357
27.5,1,0.6931471805599453
29.900000000000002,1,0.6931471805599453
20.6,1,0.6931471805599453
5.799999999999997,1,0.6931471805599453
5.299999999999997,1,0.6931471805599453
3.099999999999998,11,2.4849066497880004
3.3000000000000007,11,2.4849066497880004
6.700000000000003,3,1.3862943611198906
7.0,5,1.791759469228055
7.300000000000001,1,0.6931471805599453
7.199999999999999,9,2.302585092994046
29.6,1,0.6931471805599453
3.1999999999999993,4,1.6094379124341003
3.0,2,1.0986122886681098
4.200000000000003,1,0.6931471805599453
7.199999999999999,1,0.6931471805599453
7.300000000000001,17,2.8903717578961645
26.5,3,1.3862943611198906
25.9,1,0.6931471805599453
24.7,2,1.0986122886681098
7.199999999999999,1,0.6931471805599453
28.0,1,0.6931471805599453
27.0,1,0.6931471805599453
30.7,1,0.6931471805599453
23.5,2,1.0986122886681098
27.7,5,1.791759469228055
20.900000000000002,1,0.6931471805599453
18.8,1,0.6931471805599453
15.0,1,0.6931471805599453
9.3,8,2.1972245773362196
2.6000000000000014,1,0.6931471805599453
3.1999999999999993,1,0.6931471805599453
17.400000000000002,1,0.6931471805599453
12.9,1,0.6931471805599453
15.2,1,0.6931471805599453
9.100000000000001,1,0.6931471805599453
2.599999999999998,2,1.0986122886681098
3.6999999999999993,9,2.302585092994046
7.0,2,1.0986122886681098
7.199999999999999,4,1.6094379124341003
29.6,3,1.3862943611198906
28.6,1,0.6931471805599453
13.7,2,1.0986122886681098
12.0,1,0.6931471805599453
11.8,2,1.0986122886681098
6.300000000000001,1,0.6931471805599453
7.199999999999999,1,0.6931471805599453
24.7,1,0.6931471805599453
19.299999999999997,6,1.9459101490553132
6.200000000000001,2,1.0986122886681098
7.999999999999998,2,1.0986122886681098
11.099999999999998,7,2.0794415416798357
1.1999999999999993,1,0.6931471805599453
6.0,7,2.0794415416798357
25.4,1,0.6931471805599453
7.699999999999999,2,1.0986122886681098
6.900000000000002,5,1.791759469228055
5.900000000000002,2,1.0986122886681098
3.6000000000000014,4,1.6094379124341003
14.7,1,0.6931471805599453
6.800000000000001,2,1.0986122886681098
1.5,1,0.6931471805599453
3.3999999999999986,1,0.6931471805599453
6.199999999999999,1,0.6931471805599453
14.6,2,1.0986122886681098
21.8,1,0.6931471805599453
25.4,2,1.0986122886681098
18.3,1,0.6931471805599453
14.899999999999999,1,0.6931471805599453
5.100000000000001,2,1.0986122886681098
6.099999999999998,1,0.6931471805599453
6.300000000000001,3,1.3862943611198906
19.5,1,0.6931471805599453
14.5,5,1.791759469228055
5.599999999999998,2,1.0986122886681098
17.700000000000003,1,0.6931471805599453
17.7,1,0.6931471805599453
16.9,1,0.6931471805599453
3.299999999999997,1,0.6931471805599453
4.399999999999999,1,0.6931471805599453
4.799999999999997,2,1.0986122886681098
6.900000000000002,1,0.6931471805599453
16.7,3,1.3862943611198906
2.6999999999999993,1,0.6931471805599453
6.0,1,0.6931471805599453
6.900000000000002,2,1.0986122886681098
5.399999999999999,1,0.6931471805599453
6.899999999999999,1,0.6931471805599453
19.2,2,1.0986122886681098
15.700000000000001,2,1.0986122886681098
15.9,6,1.9459101490553132
4.899999999999999,1,0.6931471805599453
7.199999999999999,3,1.3862943611198906
5.299999999999997,1,0.6931471805599453
11.700000000000001,1,0.6931471805599453
4.199999999999999,1,0.6931471805599453
5.199999999999999,1,0.6931471805599453
5.300000000000001,1,0.6931471805599453
0.8999999999999986,1,0.6931471805599453
6.699999999999999,1,0.6931471805599453
18.5,1,0.6931471805599453
15.799999999999999,1,0.6931471805599453
0.6999999999999993,1,0.6931471805599453
5.199999999999999,7,2.0794415416798357
5.0,1,0.6931471805599453
17.9,1,0.6931471805599453
14.700000000000001,3,1.3862943611198906
15.100000000000001,1,0.6931471805599453
3.799999999999997,1,0.6931471805599453
4.200000000000003,2,1.0986122886681098
5.0,13,2.6390573296152584
2.6999999999999993,1,0.6931471805599453
18.799999999999997,2,1.0986122886681098
18.0,1,0.6931471805599453
15.799999999999999,1,0.6931471805599453
8.899999999999999,1,0.6931471805599453
5.0,1,0.6931471805599453
5.0,1,0.6931471805599453
6.199999999999999,1,0.6931471805599453
5.100000000000001,1,0.6931471805599453
4.799999999999997,4,1.6094379124341003
18.200000000000003,1,0.6931471805599453
14.200000000000001,1,0.6931471805599453
9.0,1,0.6931471805599453
8.100000000000001,1,0.6931471805599453
9.0,2,1.0986122886681098
19.099999999999998,1,0.6931471805599453
7.800000000000001,1,0.6931471805599453
9.8,1,0.6931471805599453
8.5,2,1.0986122886681098
6.300000000000001,1,0.6931471805599453
4.399999999999999,2,1.0986122886681098
4.899999999999999,3,1.3862943611198906
5.300000000000001,1,0.6931471805599453
14.299999999999999,1,0.6931471805599453
4.400000000000002,1,0.6931471805599453
16.4,1,0.6931471805599453
4.5,1,0.6931471805599453
4.100000000000001,2,1.0986122886681098
15.9,2,1.0986122886681098
3.1000000000000014,1,0.6931471805599453
2.6000000000000014,2,1.0986122886681098
0.5,19,2.995732273553991
4.800000000000001,3,1.3862943611198906
2.0,2,1.0986122886681098
15.8,3,1.3862943611198906
3.3000000000000007,2,1.0986122886681098
3.099999999999998,2,1.0986122886681098
2.0,2,1.0986122886681098
5.600000000000001,12,2.5649493574615367
15.2,1,0.6931471805599453
14.700000000000001,2,1.0986122886681098
5.0,1,0.6931471805599453
5.400000000000002,1,0.6931471805599453
5.400000000000002,1,0.6931471805599453
14.599999999999998,1,0.6931471805599453
5.100000000000001,1,0.6931471805599453
14.099999999999998,1,0.6931471805599453
15.6,2,1.0986122886681098
5.0,7,2.0794415416798357
12.7,1,0.6931471805599453
12.0,1,0.6931471805599453
17.3,1,0.6931471805599453
14.099999999999998,1,0.6931471805599453
14.4,2,1.0986122886681098
5.699999999999999,1,0.6931471805599453
13.899999999999999,1,0.6931471805599453
5.699999999999999,1,0.6931471805599453
14.299999999999999,1,0.6931471805599453
6.300000000000001,1,0.6931471805599453
2.799999999999997,4,1.6094379124341003
5.900000000000002,2,1.0986122886681098
6.400000000000002,2,1.0986122886681098
13.6,2,1.0986122886681098
12.600000000000001,5,1.791759469228055
5.399999999999999,1,0.6931471805599453
4.200000000000003,2,1.0986122886681098
6.300000000000001,4,1.6094379124341003
4.0,4,1.6094379124341003
3.5,1,0.6931471805599453
0.8999999999999986,4,1.6094379124341003
0.40000000000000213,2,1.0986122886681098
3.6000000000000014,1,0.6931471805599453
5.800000000000001,3,1.3862943611198906
7.099999999999998,1,0.6931471805599453
5.099999999999998,1,0.6931471805599453
5.699999999999999,1,0.6931471805599453
5.800000000000001,1,0.6931471805599453
6.5,1,0.6931471805599453
7.899999999999999,2,1.0986122886681098
13.599999999999998,1,0.6931471805599453
12.600000000000001,2,1.0986122886681098
13.7,3,1.3862943611198906
7.300000000000001,3,1.3862943611198906
5.100000000000001,2,1.0986122886681098
14.8,1,0.6931471805599453
7.5,1,0.6931471805599453
0.9999999999999982,1,0.6931471805599453
7.199999999999999,3,1.3862943611198906
9.7,1,0.6931471805599453
9.5,6,1.9459101490553132
3.8000000000000007,2,1.0986122886681098
8.7,2,1.0986122886681098
8.2,1,0.6931471805599453
3.8000000000000007,3,1.3862943611198906
3.8999999999999986,4,1.6094379124341003
12.099999999999998,3,1.3862943611198906
9.8,1,0.6931471805599453
8.799999999999997,5,1.791759469228055
9.7,2,1.0986122886681098
2.5,1,0.6931471805599453
2.599999999999998,2,1.0986122886681098
11.8,14,2.70805020110221
11.7,1,0.6931471805599453
8.599999999999998,13,2.6390573296152584
9.899999999999999,1,0.6931471805599453
3.6999999999999993,4,1.6094379124341003
10.900000000000002,3,1.3862943611198906
5.300000000000001,1,0.6931471805599453
12.599999999999998,1,0.6931471805599453
14.399999999999999,1,0.6931471805599453
12.3,1,0.6931471805599453
7.600000000000001,1,0.6931471805599453
3.1999999999999993,1,0.6931471805599453
7.900000000000002,1,0.6931471805599453
4.699999999999999,2,1.0986122886681098
7.300000000000001,1,0.6931471805599453
2.599999999999998,1,0.6931471805599453
1.5,1,0.6931471805599453
3.6000000000000014,1,0.6931471805599453
7.0,5,1.791759469228055
2.1999999999999993,2,1.0986122886681098
3.0,1,0.6931471805599453
1.2000000000000028,1,0.6931471805599453
3.299999999999997,1,0.6931471805599453
1.6999999999999993,2,1.0986122886681098
3.1999999999999993,1,0.6931471805599453
4.100000000000001,8,2.1972245773362196
3.3999999999999986,3,1.3862943611198906
6.5,7,2.0794415416798357
4.0,1,0.6931471805599453
5.799999999999997,5,1.791759469228055
3.6999999999999993,2,1.0986122886681098
5.899999999999999,1,0.6931471805599453
5.099999999999998,1,0.6931471805599453
5.699999999999999,6,1.9459101490553132
5.299999999999997,1,0.6931471805599453
1.1999999999999993,1,0.6931471805599453
7.699999999999999,6,1.9459101490553132
9.5,8,2.1972245773362196
5.400000000000002,2,1.0986122886681098
8.599999999999998,8,2.1972245773362196
7.399999999999999,1,0.6931471805599453
4.900000000000002,1,0.6931471805599453
7.300000000000001,1,0.6931471805599453
6.0,1,0.6931471805599453
5.599999999999998,156,5.056245805348308
7.400000000000002,53,3.9889840465642745
8.799999999999997,1,0.6931471805599453
5.900000000000002,5,1.791759469228055
5.199999999999999,71,4.276666119016055
6.099999999999998,44,3.8066624897703196
9.5,1,0.6931471805599453
2.3000000000000007,1,0.6931471805599453
2.099999999999998,1,0.6931471805599453
3.8000000000000007,1,0.6931471805599453
2.1000000000000014,2,1.0986122886681098
2.8000000000000007,5,1.791759469228055
2.900000000000002,1,0.6931471805599453
3.0,1,0.6931471805599453
4.199999999999999,1,0.6931471805599453
1.5,9,2.302585092994046
1.5,1,0.6931471805599453
9.3,1,0.6931471805599453
3.5,7,2.0794415416798357
4.100000000000001,1,0.6931471805599453
7.800000000000001,4,1.6094379124341003
2.8000000000000007,1,0.6931471805599453
16.599999999999998,1,0.6931471805599453
0.40000000000000213,1,0.6931471805599453
14.5,1,0.6931471805599453
11.0,1,0.6931471805599453
0.09999999999999787,2,1.0986122886681098
0.5,1,0.6931471805599453
16.799999999999997,1,0.6931471805599453
0.0,1,0.6931471805599453
14.6,1,0.6931471805599453
0.6999999999999993,2,1.0986122886681098
0.3999999999999986,7,2.0794415416798357
2.5,1,0.6931471805599453
1.1999999999999993,1,0.6931471805599453
1.1000000000000014,1,0.6931471805599453
0.3999999999999986,1,0.6931471805599453
7.399999999999999,1,0.6931471805599453
1.0999999999999979,2,1.0986122886681098
3.3999999999999986,1,0.6931471805599453
6.5,2,1.0986122886681098
5.800000000000001,26,3.295836866004329
7.0,3,1.3862943611198906
5.199999999999999,2,1.0986122886681098
6.099999999999998,1,0.6931471805599453
6.099999999999998,4,1.6094379124341003
5.599999999999998,2,1.0986122886681098
4.399999999999999,1,0.6931471805599453
5.5,1,0.6931471805599453
4.600000000000001,6,1.9459101490553132
4.400000000000002,1,0.6931471805599453
5.900000000000002,4,1.6094379124341003
4.400000000000002,1,0.6931471805599453
5.0,1,0.6931471805599453
2.6999999999999993,1,0.6931471805599453
2.3999999999999986,1,0.6931471805599453
3.3000000000000007,2,1.0986122886681098
2.6999999999999993,12,2.5649493574615367
3.0,7,2.0794415416798357
3.5,4,1.6094379124341003
3.5,1,0.6931471805599453
3.6999999999999993,1,0.6931471805599453
4.0,1,0.6931471805599453
0.5,13,2.6390573296152584
1.8000000000000007,29,3.4011973816621555
5.0,5,1.791759469228055
7.899999999999999,10,2.3978952727983707
11.2,1,0.6931471805599453
8.400000000000002,3,1.3862943611198906
6.5,20,3.044522437723423
3.8000000000000007,1,0.6931471805599453
4.599999999999998,1,0.6931471805599453
0.9000000000000021,2,1.0986122886681098
4.0,1,0.6931471805599453
3.6000000000000014,3,1.3862943611198906
2.1000000000000014,1,0.6931471805599453
0.40000000000000213,2,1.0986122886681098
2.8000000000000007,1,0.6931471805599453
0.9000000000000021,1,0.6931471805599453
3.1000000000000014,1,0.6931471805599453
2.0,2,1.0986122886681098
2.599999999999998,1,0.6931471805599453
2.1000000000000014,2,1.0986122886681098
1.5999999999999979,1,0.6931471805599453
2.5,1,0.6931471805599453
2.1000000000000014,5,1.791759469228055
2.799999999999997,8,2.1972245773362196
12.1,1,0.6931471805599453
2.0,1,0.6931471805599453
13.3,2,1.0986122886681098
13.0,16,2.833213344056216
10.5,8,2.1972245773362196
5.100000000000001,1,0.6931471805599453
11.400000000000002,1,0.6931471805599453
4.599999999999998,1,0.6931471805599453
5.0,4,1.6094379124341003
5.800000000000001,5,1.791759469228055
8.600000000000001,1,0.6931471805599453
14.200000000000001,2,1.0986122886681098
12.600000000000001,1,0.6931471805599453
8.5,1,0.6931471805599453
1.6999999999999993,2,1.0986122886681098
5.0,7,2.0794415416798357
5.400000000000002,2,1.0986122886681098
7.899999999999999,4,1.6094379124341003
2.5,1,0.6931471805599453
7.800000000000001,1,0.6931471805599453
6.5,3,1.3862943611198906
9.7,1,0.6931471805599453
14.900000000000002,2,1.0986122886681098
6.699999999999999,1,0.6931471805599453
3.1999999999999993,1,0.6931471805599453
9.599999999999998,2,1.0986122886681098
10.3,1,0.6931471805599453
13.7,1,0.6931471805599453
14.5,2,1.0986122886681098
1.6999999999999993,1,0.6931471805599453
2.3000000000000007,1,0.6931471805599453
1.9000000000000021,1,0.6931471805599453
2.3000000000000007,2,1.0986122886681098
1.9000000000000021,1,0.6931471805599453
11.600000000000001,1,0.6931471805599453
9.600000000000001,1,0.6931471805599453
1.5999999999999979,4,1.6094379124341003
1.6999999999999993,1,0.6931471805599453
3.1000000000000014,1,0.6931471805599453
2.099999999999998,4,1.6094379124341003
0.8999999999999986,1,0.6931471805599453
1.0,1,0.6931471805599453
3.3000000000000007,1,0.6931471805599453
2.1999999999999993,2,1.0986122886681098
4.400000000000002,1,0.6931471805599453
0.40000000000000213,1,0.6931471805599453
0.1999999999999993,2,1.0986122886681098
0.8000000000000007,3,1.3862943611198906
0.3000000000000007,1,0.6931471805599453
5.200000000000003,2,1.0986122886681098
0.10000000000000142,1,0.6931471805599453
0.3000000000000007,1,0.6931471805599453
1.1999999999999993,1,0.6931471805599453
1.0,4,1.6094379124341003
4.400000000000002,2,1.0986122886681098
2.8000000000000007,1,0.6931471805599453
3.299999999999997,1,0.6931471805599453
2.3000000000000007,1,0.6931471805599453
2.900000000000002,3,1.3862943611198906
4.899999999999999,2,1.0986122886681098
2.099999999999998,3,1.3862943611198906
14.8,1,0.6931471805599453
3.1999999999999993,2,1.0986122886681098
11.499999999999998,1,0.6931471805599453
1.8000000000000007,1,0.6931471805599453
2.8999999999999986,1,0.6931471805599453
0.10000000000000142,2,1.0986122886681098
0.7999999999999972,1,0.6931471805599453
1.0,10,2.3978952727983707
1.0999999999999979,11,2.4849066497880004
0.5,2,1.0986122886681098
1.3999999999999986,1,0.6931471805599453
3.3000000000000007,1,0.6931471805599453
1.0,5,1.791759469228055
0.3000000000000007,1,0.6931471805599453
1.0999999999999979,3,1.3862943611198906
0.8999999999999986,1,0.6931471805599453
3.1000000000000014,3,1.3862943611198906
1.8999999999999986,1,0.6931471805599453
1.8999999999999986,1,0.6931471805599453
1.3999999999999986,9,2.302585092994046
0.5,1,0.6931471805599453
1.5,9,2.302585092994046
1.3000000000000007,14,2.70805020110221
1.0999999999999979,2,1.0986122886681098
0.20000000000000284,1,0.6931471805599453
1.6000000000000014,10,2.3978952727983707
1.5,3,1.3862943611198906
2.0,1,0.6931471805599453
1.6999999999999993,7,2.0794415416798357
1.6000000000000014,1,0.6931471805599453
3.8000000000000007,1,0.6931471805599453
1.8999999999999986,1,0.6931471805599453
1.8000000000000007,1,0.6931471805599453
1.6000000000000014,4,1.6094379124341003
1.0,4,1.6094379124341003
1.0,1,0.6931471805599453
2.299999999999997,1,0.6931471805599453
3.0,1,0.6931471805599453
2.1000000000000014,11,2.4849066497880004
0.3000000000000007,1,0.6931471805599453
2.5,3,1.3862943611198906
2.799999999999997,13,2.6390573296152584
2.5,1,0.6931471805599453
1.0,1,0.6931471805599453
2.8999999999999986,2,1.0986122886681098
2.8999999999999986,5,1.791759469228055
2.900000000000002,5,1.791759469228055
2.3999999999999986,2,1.0986122886681098
0.40000000000000213,1,0.6931471805599453
2.599999999999998,2,1.0986122886681098
0.5,1,0.6931471805599453
4.5,1,0.6931471805599453
2.6000000000000014,1,0.6931471805599453
7.0,1,0.6931471805599453
1.3999999999999986,3,1.3862943611198906
3.6999999999999993,1,0.6931471805599453
0.29999999999999716,3,1.3862943611198906
0.3999999999999986,1,0.6931471805599453
2.5,1,0.6931471805599453
2.0,2,1.0986122886681098
2.8000000000000007,1,0.6931471805599453
0.8999999999999986,1,0.6931471805599453
1.6999999999999993,1,0.6931471805599453
6.900000000000002,3,1.3862943611198906
0.5,1,0.6931471805599453
12.700000000000001,2,1.0986122886681098
1.3000000000000007,1,0.6931471805599453
1.9000000000000021,1,0.6931471805599453
6.300000000000001,1,0.6931471805599453
6.699999999999999,2,1.0986122886681098
3.3000000000000007,1,0.6931471805599453
4.100000000000001,1,0.6931471805599453
0.3999999999999986,3,1.3862943611198906
7.199999999999999,1,0.6931471805599453
6.399999999999999,3,1.3862943611198906
0.10000000000000142,1,0.6931471805599453
1.3999999999999986,1,0.6931471805599453
2.099999999999998,1,0.6931471805599453
3.799999999999997,1,0.6931471805599453
5.100000000000001,3,1.3862943611198906
10.5,1,0.6931471805599453
1.3999999999999986,2,1.0986122886681098
4.600000000000001,1,0.6931471805599453
4.800000000000001,2,1.0986122886681098
4.300000000000001,1,0.6931471805599453
2.0,5,1.791759469228055
0.20000000000000284,3,1.3862943611198906
0.09999999999999787,5,1.791759469228055
3.8000000000000007,1,0.6931471805599453
6.699999999999999,3,1.3862943611198906
6.800000000000001,2,1.0986122886681098
5.0,1,0.6931471805599453
17.5,1,0.6931471805599453
2.5,1,0.6931471805599453
3.0,1,0.6931471805599453
4.5,1,0.6931471805599453
0.1999999999999993,4,1.6094379124341003
0.3999999999999986,6,1.9459101490553132
0.5999999999999979,3,1.3862943611198906
0.3999999999999986,2,1.0986122886681098
1.0999999999999979,1,0.6931471805599453
1.3999999999999986,1,0.6931471805599453
0.40000000000000213,2,1.0986122886681098
4.5,2,1.0986122886681098
2.6000000000000014,1,0.6931471805599453
2.599999999999998,1,0.6931471805599453
3.3999999999999986,2,1.0986122886681098
1.2999999999999972,1,0.6931471805599453
1.8000000000000007,1,0.6931471805599453
3.1999999999999993,4,1.6094379124341003
0.3999999999999986,1,0.6931471805599453
0.1999999999999993,2,1.0986122886681098
0.1999999999999993,1,0.6931471805599453
0.09999999999999787,1,0.6931471805599453
3.099999999999998,1,0.6931471805599453
5.800000000000001,3,1.3862943611198906
3.6999999999999993,1,0.6931471805599453
4.099999999999998,1,0.6931471805599453
2.400000000000002,2,1.0986122886681098
1.2999999999999972,1,0.6931471805599453
0.0,1,0.6931471805599453
0.40000000000000213,1,0.6931471805599453
1.3999999999999986,1,0.6931471805599453
1.6999999999999993,1,0.6931471805599453
1.6999999999999993,1,0.6931471805599453
2.5,3,1.3862943611198906
4.0,3,1.3862943611198906
3.0,1,0.6931471805599453
1.2000000000000028,1,0.6931471805599453
3.8999999999999986,3,1.3862943611198906
3.8000000000000007,3,1.3862943611198906
3.8999999999999986,3,1.3862943611198906
4.0,2,1.0986122886681098
4.100000000000001,1,0.6931471805599453
0.9000000000000021,1,0.6931471805599453
2.900000000000002,29,3.4011973816621555
5.300000000000001,1,0.6931471805599453
4.199999999999999,1,0.6931471805599453
1.8999999999999986,1,0.6931471805599453
1.3999999999999986,6,1.9459101490553132
1.7000000000000028,1,0.6931471805599453
0.6999999999999993,1,0.6931471805599453
4.199999999999999,15,2.772588722239781
5.5,1,0.6931471805599453
5.100000000000001,1,0.6931471805599453
1.0,2,1.0986122886681098
0.40000000000000213,4,1.6094379124341003
0.3999999999999986,2,1.0986122886681098
3.1999999999999993,2,1.0986122886681098
0.3999999999999986,1,0.6931471805599453
1.3999999999999986,1,0.6931471805599453
0.29999999999999716,1,0.6931471805599453
2.1999999999999993,5,1.791759469228055
1.1000000000000014,1,0.6931471805599453
6.5,1,0.6931471805599453
4.899999999999999,29,3.4011973816621555
5.0,9,2.302585092994046
4.699999999999999,1,0.6931471805599453
1.8999999999999986,1,0.6931471805599453
0.3000000000000007,9,2.302585092994046
0.1999999999999993,12,2.5649493574615367
1.1000000000000014,1,0.6931471805599453
4.5,38,3.6635616461296463
5.9,1,0.6931471805599453
6.100000000000001,3,1.3862943611198906
5.199999999999999,1,0.6931471805599453
4.700000000000003,5,1.791759469228055
4.899999999999999,1,0.6931471805599453
0.3999999999999986,1,0.6931471805599453
4.899999999999999,17,2.8903717578961645
5.099999999999998,1,0.6931471805599453
5.5,2,1.0986122886681098
4.600000000000001,10,2.3978952727983707
4.0,10,2.3978952727983707
0.3999999999999986,1,0.6931471805599453
1.5,1,0.6931471805599453
3.0,7,2.0794415416798357
3.0,28,3.367295829986474
3.099999999999998,86,4.465908118654584
3.8999999999999986,17,2.8903717578961645
3.400000000000002,14,2.70805020110221
3.099999999999998,1,0.6931471805599453
3.3999999999999986,1,0.6931471805599453
3.6000000000000014,1,0.6931471805599453
3.6999999999999993,13,2.6390573296152584
4.300000000000001,59,4.0943445622221
4.199999999999999,2,1.0986122886681098
1.2000000000000028,1,0.6931471805599453
0.5,1,0.6931471805599453
1.6999999999999993,1,0.6931471805599453
1.5,7,2.0794415416798357
0.3000000000000007,22,3.1354942159291497
0.7999999999999972,8,2.1972245773362196
1.1999999999999993,46,3.8501476017100584
2.299999999999997,5,1.791759469228055
2.599999999999998,2,1.0986122886681098
3.1999999999999993,9,2.302585092994046
3.3000000000000007,1,0.6931471805599453
3.3000000000000007,1,0.6931471805599453
3.6999999999999993,1,0.6931471805599453
6.199999999999999,9,2.302585092994046
5.899999999999999,1,0.6931471805599453
1.3999999999999986,1,0.6931471805599453
1.5999999999999979,1,0.6931471805599453
2.0,1,0.6931471805599453
1.5,3,1.3862943611198906
1.3000000000000007,2,1.0986122886681098
1.0,2,1.0986122886681098
3.0,2,1.0986122886681098
2.900000000000002,26,3.295836866004329
3.1999999999999993,17,2.8903717578961645
3.1999999999999993,4,1.6094379124341003
0.5,1,0.6931471805599453
2.8000000000000007,1,0.6931471805599453
2.400000000000002,1,0.6931471805599453
3.299999999999999,2,1.0986122886681098
0.40000000000000213,4,1.6094379124341003
2.6000000000000014,8,2.1972245773362196
2.900000000000002,40,3.713572066704308
3.0,11,2.4849066497880004
5.699999999999999,1,0.6931471805599453
3.400000000000002,1,0.6931471805599453
2.3000000000000007,1,0.6931471805599453
0.09999999999999787,1,0.6931471805599453
4.300000000000001,24,3.2188758248682006
2.0999999999999996,1,0.6931471805599453
1.7999999999999972,1,0.6931471805599453
2.1000000000000014,6,1.9459101490553132
2.5,12,2.5649493574615367
2.8999999999999986,1,0.6931471805599453
3.3000000000000007,24,3.2188758248682006
0.7999999999999972,4,1.6094379124341003
0.6999999999999993,1,0.6931471805599453
3.0,1,0.6931471805599453
2.6000000000000014,17,2.8903717578961645
0.20000000000000107,4,1.6094379124341003
1.8999999999999986,1,0.6931471805599453
1.8999999999999986,2,1.0986122886681098
0.6000000000000014,4,1.6094379124341003
0.6000000000000014,1,0.6931471805599453
1.5,1,0.6931471805599453
2.3000000000000007,10,2.3978952727983707
2.5,16,2.833213344056216
2.900000000000002,6,1.9459101490553132
1.5,1,0.6931471805599453
4.5,1,0.6931471805599453
0.1999999999999993,1,0.6931471805599453
4.699999999999999,12,2.5649493574615367
1.6999999999999993,1,0.6931471805599453
1.5,3,1.3862943611198906
1.3999999999999986,1,0.6931471805599453
0.5999999999999979,3,1.3862943611198906
3.5,2,1.0986122886681098
0.1999999999999993,1,0.6931471805599453
0.8000000000000007,6,1.9459101490553132
1.0,3,1.3862943611198906
1.3000000000000007,12,2.5649493574615367
2.099999999999998,1,0.6931471805599453
2.3000000000000007,55,4.02535169073515
2.700000000000003,9,2.302585092994046
4.0,1,0.6931471805599453
3.1000000000000014,1,0.6931471805599453
1.6999999999999993,1,0.6931471805599453
0.1999999999999993,2,1.0986122886681098
3.299999999999997,1,0.6931471805599453
2.8000000000000007,2,1.0986122886681098
0.3000000000000007,2,1.0986122886681098
0.0,1,0.6931471805599453
1.8000000000000007,2,1.0986122886681098
1.0999999999999979,1,0.6931471805599453
0.6999999999999993,1,0.6931471805599453
3.1999999999999993,1,0.6931471805599453
2.6999999999999993,10,2.3978952727983707
3.099999999999998,4,1.6094379124341003
3.3000000000000007,50,3.9318256327243257
3.3999999999999986,6,1.9459101490553132
0.8000000000000007,1,0.6931471805599453
0.0,1,0.6931471805599453
2.0,2,1.0986122886681098
0.1999999999999993,1,0.6931471805599453
4.400000000000002,82,4.418840607796598
3.3000000000000007,2,1.0986122886681098
3.1000000000000014,25,3.258096538021482
2.3000000000000007,7,2.0794415416798357
3.099999999999998,5,1.791759469228055
4.0,9,2.302585092994046
4.400000000000002,4,1.6094379124341003
1.6999999999999993,1,0.6931471805599453
3.3000000000000007,2,1.0986122886681098
1.3000000000000007,1,0.6931471805599453
1.3000000000000007,1,0.6931471805599453
0.8000000000000007,2,1.0986122886681098
4.299999999999999,2,1.0986122886681098
3.099999999999998,8,2.1972245773362196
3.3999999999999986,6,1.9459101490553132
4.200000000000001,1,0.6931471805599453
4.5,1,0.6931471805599453
2.1999999999999993,1,0.6931471805599453
1.6000000000000014,3,1.3862943611198906
1.5999999999999979,4,1.6094379124341003
3.1000000000000014,3,1.3862943611198906
3.799999999999997,4,1.6094379124341003
5.399999999999999,1,0.6931471805599453
4.299999999999999,8,2.1972245773362196
2.5,1,0.6931471805599453
1.5999999999999979,1,0.6931471805599453
2.6999999999999993,2,1.0986122886681098
3.5,2,1.0986122886681098
2.5,2,1.0986122886681098
0.3000000000000007,3,1.3862943611198906
2.6999999999999993,8,2.1972245773362196
2.099999999999998,1,0.6931471805599453
3.6000000000000014,1,0.6931471805599453
4.100000000000001,1,0.6931471805599453
2.8999999999999986,2,1.0986122886681098
1.3999999999999986,1,0.6931471805599453
3.1999999999999993,1,0.6931471805599453
4.099999999999998,2,1.0986122886681098
3.6999999999999993,1,0.6931471805599453
3.4000000000000004,4,1.6094379124341003
1.8000000000000007,5,1.791759469228055
3.700000000000003,4,1.6094379124341003
2.1999999999999993,1,0.6931471805599453
2.8999999999999986,2,1.0986122886681098
2.3000000000000007,1,0.6931471805599453
2.0,1,0.6931471805599453
0.0,1,0.6931471805599453
0.0,1,0.6931471805599453
3.0,1,0.6931471805599453
2.8999999999999986,3,1.3862943611198906
5.0,1,0.6931471805599453
1.1999999999999993,1,0.6931471805599453
2.8999999999999986,1,0.6931471805599453
4.199999999999999,1,0.6931471805599453
2.200000000000003,1,0.6931471805599453
1.5,1,0.6931471805599453
2.1999999999999993,2,1.0986122886681098
1.3999999999999986,2,1.0986122886681098
0.9000000000000021,3,1.3862943611198906
1.0,4,1.6094379124341003
1.8000000000000007,1,0.6931471805599453
2.599999999999998,1,0.6931471805599453
1.1000000000000014,2,1.0986122886681098
1.0,2,1.0986122886681098
2.0,2,1.0986122886681098
0.10000000000000142,1,0.6931471805599453
0.8999999999999986,1,0.6931471805599453
3.8999999999999986,2,1.0986122886681098
1.0,2,1.0986122886681098
1.4000000000000021,2,1.0986122886681098
2.5,4,1.6094379124341003
1.6000000000000014,1,0.6931471805599453
1.1999999999999993,1,0.6931471805599453
1.6999999999999993,2,1.0986122886681098
3.1000000000000014,1,0.6931471805599453
1.3000000000000007,1,0.6931471805599453
8.799999999999999,1,0.6931471805599453
2.8000000000000007,1,0.6931471805599453
3.8000000000000007,1,0.6931471805599453
1.5,2,1.0986122886681098
1.6999999999999993,1,0.6931471805599453
5.5,3,1.3862943611198906
2.099999999999998,2,1.0986122886681098
7.599999999999998,1,0.6931471805599453
8.999999999999998,3,1.3862943611198906
1.5,1,0.6931471805599453
1.6000000000000014,1,0.6931471805599453
2.599999999999998,1,0.6931471805599453
2.5999999999999996,1,0.6931471805599453
0.9000000000000021,1,0.6931471805599453
0.6999999999999993,76,4.343805421853684
1.6999999999999993,2,1.0986122886681098
2.1999999999999993,1,0.6931471805599453
1.2999999999999972,1,0.6931471805599453
1.9000000000000021,3,1.3862943611198906
3.5,1,0.6931471805599453
8.0,4,1.6094379124341003
1.3999999999999986,1,0.6931471805599453
6.699999999999999,3,1.3862943611198906
0.8000000000000007,2,1.0986122886681098
0.1999999999999993,3,1.3862943611198906
2.400000000000002,6,1.9459101490553132
2.0,35,3.58351893845611
3.1999999999999993,1,0.6931471805599453
3.6999999999999993,5,1.791759469228055
2.5,25,3.258096538021482
1.3000000000000007,2,1.0986122886681098
0.8000000000000007,4,1.6094379124341003
1.5,7,2.0794415416798357
0.8000000000000007,9,2.302585092994046
2.3000000000000007,1,0.6931471805599453
4.699999999999999,1,0.6931471805599453
1.6000000000000014,1,0.6931471805599453
1.5,7,2.0794415416798357
3.3999999999999986,6,1.9459101490553132
3.6000000000000014,2,1.0986122886681098
6.800000000000001,1,0.6931471805599453
4.599999999999998,11,2.4849066497880004
7.300000000000001,6,1.9459101490553132
0.1999999999999993,2,1.0986122886681098
1.0,18,2.9444389791664403
3.799999999999997,1,0.6931471805599453
2.1999999999999993,5,1.791759469228055
1.6999999999999993,5,1.791759469228055
1.5,3,1.3862943611198906
1.1999999999999993,1,0.6931471805599453
3.0,1,0.6931471805599453
3.599999999999998,1,0.6931471805599453
6.100000000000001,3,1.3862943611198906
9.200000000000001,45,3.828641396489095
3.8000000000000007,11,2.4849066497880004
2.4000000000000004,1,0.6931471805599453
8.5,1,0.6931471805599453
7.800000000000001,1,0.6931471805599453
1.1999999999999993,1,0.6931471805599453
2.1000000000000014,1,0.6931471805599453
6.000000000000002,1,0.6931471805599453
8.8,2,1.0986122886681098
5.1,4,1.6094379124341003
2.8999999999999986,9,2.302585092994046
3.4000000000000004,2,1.0986122886681098
5.6,6,1.9459101490553132
1.1999999999999993,7,2.0794415416798357
4.099999999999998,4,1.6094379124341003
1.8999999999999986,1,0.6931471805599453
2.400000000000002,3,1.3862943611198906
3.3000000000000007,7,2.0794415416798357
3.3000000000000007,4,1.6094379124341003
1.7999999999999972,1,0.6931471805599453
0.1999999999999993,1,0.6931471805599453
3.1000000000000014,3,1.3862943611198906
2.4000000000000004,4,1.6094379124341003
5.000000000000002,4,1.6094379124341003
4.800000000000001,1,0.6931471805599453
5.299999999999999,11,2.4849066497880004
5.0,2,1.0986122886681098
3.0,5,1.791759469228055
1.8000000000000007,2,1.0986122886681098
2.0,1,0.6931471805599453
1.6000000000000014,1,0.6931471805599453
3.3999999999999986,5,1.791759469228055
1.0,1,0.6931471805599453
7.0,2,1.0986122886681098
3.9999999999999982,3,1.3862943611198906
3.5000000000000018,11,2.4849066497880004
4.0,1,0.6931471805599453
4.199999999999999,38,3.6635616461296463
1.6000000000000014,49,3.912023005428146
2.6000000000000014,16,2.833213344056216
2.0,1,0.6931471805599453
2.0,1,0.6931471805599453
0.6999999999999993,1,0.6931471805599453
2.099999999999998,3,1.3862943611198906
1.0,5,1.791759469228055
1.1999999999999993,3,1.3862943611198906
2.1999999999999993,5,1.791759469228055
7.199999999999999,1,0.6931471805599453
2.400000000000002,1,0.6931471805599453
1.9000000000000021,1,0.6931471805599453
0.6000000000000014,2,1.0986122886681098
3.3000000000000007,2,1.0986122886681098
3.0,5,1.791759469228055
2.1999999999999993,1,0.6931471805599453
4.5,1,0.6931471805599453
2.6999999999999993,1,0.6931471805599453
2.1000000000000014,16,2.833213344056216
0.5,21,3.091042453358316
1.8000000000000007,1,0.6931471805599453
1.3999999999999986,3,1.3862943611198906
0.10000000000000142,1,0.6931471805599453
3.400000000000002,1,0.6931471805599453
6.400000000000002,2,1.0986122886681098
2.099999999999998,3,1.3862943611198906
9.799999999999999,1,0.6931471805599453
10.0,1,0.6931471805599453
3.5,1,0.6931471805599453
3.6999999999999993,1,0.6931471805599453
6.899999999999999,1,0.6931471805599453
0.3000000000000007,1,0.6931471805599453
5.800000000000001,1,0.6931471805599453
10.1,1,0.6931471805599453
2.9000000000000004,9,2.302585092994046
3.6000000000000014,1,0.6931471805599453
5.5,3,1.3862943611198906
1.8999999999999986,10,2.3978952727983707
3.0,1,0.6931471805599453
6.9,2,1.0986122886681098
2.900000000000002,1,0.6931471805599453
2.3999999999999986,13,2.6390573296152584
1.6999999999999993,1,0.6931471805599453
6.699999999999999,1,0.6931471805599453
4.800000000000001,1,0.6931471805599453
4.399999999999999,1,0.6931471805599453
3.0,2,1.0986122886681098
2.8000000000000007,1,0.6931471805599453
3.5,1,0.6931471805599453
5.899999999999999,1,0.6931471805599453
5.999999999999998,1,0.6931471805599453
5.799999999999997,1,0.6931471805599453
3.8000000000000007,1,0.6931471805599453
3.0,21,3.091042453358316
2.799999999999997,1,0.6931471805599453
0.40000000000000213,1,0.6931471805599453
2.200000000000003,1,0.6931471805599453
7.399999999999999,1,0.6931471805599453
10.500000000000002,5,1.791759469228055
3.0,2,1.0986122886681098
3.400000000000002,1,0.6931471805599453
0.6000000000000014,1,0.6931471805599453
4.400000000000002,3,1.3862943611198906
3.6000000000000014,2,1.0986122886681098
7.200000000000001,2,1.0986122886681098
3.6999999999999993,3,1.3862943611198906
7.300000000000001,1,0.6931471805599453
4.999999999999998,2,1.0986122886681098
2.8999999999999986,1,0.6931471805599453
0.6999999999999993,4,1.6094379124341003
3.200000000000001,7,2.0794415416798357
0.5999999999999979,1,0.6931471805599453
3.1999999999999993,1,0.6931471805599453
7.099999999999998,1,0.6931471805599453
4.399999999999999,2,1.0986122886681098
6.299999999999997,1,0.6931471805599453
0.7000000000000028,1,0.6931471805599453
0.0,1,0.6931471805599453
4.9,72,4.290459441148391
5.600000000000001,1,0.6931471805599453
4.300000000000001,1,0.6931471805599453
12.100000000000001,1,0.6931471805599453
3.099999999999998,1,0.6931471805599453
1.799999999999999,1,0.6931471805599453
7.899999999999999,1,0.6931471805599453
7.1,1,0.6931471805599453
5.200000000000003,7,2.0794415416798357
3.0,3,1.3862943611198906
4.1,1,0.6931471805599453
5.800000000000001,1,0.6931471805599453
5.100000000000001,1,0.6931471805599453
0.8999999999999986,1,0.6931471805599453
1.0,27,3.332204510175204
2.0,1,0.6931471805599453
2.099999999999998,9,2.302585092994046
2.5,3,1.3862943611198906
9.2,1,0.6931471805599453
6.300000000000001,2,1.0986122886681098
5.199999999999999,2,1.0986122886681098
5.099999999999998,1,0.6931471805599453
7.699999999999999,1,0.6931471805599453
7.699999999999999,3,1.3862943611198906
7.800000000000001,1,0.6931471805599453
2.8000000000000007,2,1.0986122886681098
2.799999999999997,1,0.6931471805599453
2.6999999999999993,1,0.6931471805599453
1.5999999999999979,1,0.6931471805599453
2.8000000000000007,5,1.791759469228055
3.099999999999998,3,1.3862943611198906
7.800000000000001,1,0.6931471805599453
5.5,2,1.0986122886681098
5.200000000000003,2,1.0986122886681098
6.6,1,0.6931471805599453
5.800000000000001,2,1.0986122886681098
9.0,3,1.3862943611198906
7.9,1,0.6931471805599453
13.399999999999999,1,0.6931471805599453
2.5,1,0.6931471805599453
3.3000000000000007,1,0.6931471805599453
0.6999999999999993,4,1.6094379124341003
5.300000000000001,2,1.0986122886681098
8.6,1,0.6931471805599453
23.0,3,1.3862943611198906
8.5,2,1.0986122886681098
9.200000000000001,1,0.6931471805599453
2.599999999999998,1,0.6931471805599453
0.40000000000000213,4,1.6094379124341003
0.5,1,0.6931471805599453
0.9000000000000021,15,2.772588722239781
3.0,2,1.0986122886681098
5.300000000000001,1,0.6931471805599453
5.899999999999999,4,1.6094379124341003
6.299999999999999,1,0.6931471805599453
6.1,8,2.1972245773362196
12.4,1,0.6931471805599453
0.6999999999999993,20,3.044522437723423
3.6000000000000014,1,0.6931471805599453
4.200000000000001,2,1.0986122886681098
3.200000000000001,3,1.3862943611198906
2.3999999999999986,3,1.3862943611198906
2.0,2,1.0986122886681098
2.0000000000000018,4,1.6094379124341003
1.6000000000000014,1,0.6931471805599453
7.399999999999999,1,0.6931471805599453
5.5,1,0.6931471805599453
5.199999999999999,1,0.6931471805599453
6.099999999999998,3,1.3862943611198906
2.6999999999999993,1,0.6931471805599453
1.299999999999999,1,0.6931471805599453
0.8000000000000007,1,0.6931471805599453
0.3999999999999986,1,0.6931471805599453
4.1,1,0.6931471805599453
4.5,2,1.0986122886681098
3.9999999999999982,6,1.9459101490553132
2.8000000000000007,1,0.6931471805599453
1.1999999999999993,1,0.6931471805599453
0.6999999999999993,3,1.3862943611198906
0.10000000000000142,3,1.3862943611198906
0.29999999999999716,1,0.6931471805599453
3.0999999999999996,1,0.6931471805599453
3.1000000000000014,3,1.3862943611198906
2.599999999999998,1,0.6931471805599453
2.799999999999997,2,1.0986122886681098
6.900000000000002,4,1.6094379124341003
3.599999999999998,2,1.0986122886681098
0.5,4,1.6094379124341003
0.3999999999999986,5,1.791759469228055
0.5,2,1.0986122886681098
0.09999999999999787,2,1.0986122886681098
2.8000000000000007,1,0.6931471805599453
3.1000000000000014,1,0.6931471805599453
0.1999999999999993,1,0.6931471805599453
0.5,2,1.0986122886681098
0.6000000000000014,2,1.0986122886681098
1.8000000000000007,1,0.6931471805599453
2.299999999999999,1,0.6931471805599453
3.099999999999998,3,1.3862943611198906
0.3000000000000007,1,0.6931471805599453
3.400000000000002,3,1.3862943611198906
3.5,28,3.367295829986474
3.1999999999999993,15,2.772588722239781
7.100000000000001,1,0.6931471805599453
5.800000000000001,1,0.6931471805599453
2.6999999999999993,1,0.6931471805599453
3.5,1,0.6931471805599453
4.099999999999998,1,0.6931471805599453
0.1999999999999993,40,3.713572066704308
0.5,16,2.833213344056216
0.3000000000000007,33,3.5263605246161616
1.1999999999999993,20,3.044522437723423
2.0999999999999996,2,1.0986122886681098
4.199999999999999,6,1.9459101490553132
0.3000000000000007,3,1.3862943611198906
1.3000000000000007,1,0.6931471805599453
2.8000000000000007,6,1.9459101490553132
2.1999999999999993,9,2.302585092994046
1.1999999999999993,9,2.302585092994046
1.0,29,3.4011973816621555
0.6000000000000014,7,2.0794415416798357
0.0,1,0.6931471805599453
0.0,2,1.0986122886681098
0.5999999999999979,1,0.6931471805599453
0.10000000000000142,1,0.6931471805599453
0.09999999999999787,10,2.3978952727983707
0.5,4,1.6094379124341003
0.6999999999999993,4,1.6094379124341003
0.5999999999999979,2,1.0986122886681098
2.799999999999999,2,1.0986122886681098
2.3000000000000007,4,1.6094379124341003
2.4999999999999982,16,2.833213344056216
3.099999999999998,7,2.0794415416798357
8.5,1,0.6931471805599453
2.5,1,0.6931471805599453
0.20000000000000284,8,2.1972245773362196
0.09999999999999787,119,4.787491742782046
0.6999999999999993,24,3.2188758248682006
0.5999999999999979,14,2.70805020110221
1.4000000000000004,28,3.367295829986474
1.700000000000001,1,0.6931471805599453
1.3000000000000007,2,1.0986122886681098
1.8000000000000007,9,2.302585092994046
0.3000000000000007,11,2.4849066497880004
0.3000000000000007,1,0.6931471805599453
0.09999999999999787,1,0.6931471805599453
0.3999999999999986,1,0.6931471805599453
1.2999999999999972,15,2.772588722239781
1.2999999999999972,4,1.6094379124341003
1.1999999999999993,1,0.6931471805599453
1.5999999999999979,1,0.6931471805599453
1.6000000000000014,6,1.9459101490553132
1.1999999999999993,4,1.6094379124341003
0.7999999999999972,3,1.3862943611198906
1.8999999999999986,15,2.772588722239781
1.6000000000000014,2,1.0986122886681098
2.6000000000000014,2,1.0986122886681098
3.099999999999998,1,0.6931471805599453
3.0999999999999996,2,1.0986122886681098
3.099999999999998,5,1.791759469228055
3.4999999999999982,9,2.302585092994046
7.900000000000002,1,0.6931471805599453
6.800000000000001,1,0.6931471805599453
4.600000000000001,1,0.6931471805599453
3.1000000000000014,1,0.6931471805599453
3.3999999999999986,3,1.3862943611198906
0.3999999999999986,21,3.091042453358316
1.3999999999999986,15,2.772588722239781
0.8000000000000007,37,3.6375861597263857
0.5,4,1.6094379124341003
0.7000000000000011,1,0.6931471805599453
0.6999999999999993,1,0.6931471805599453
0.3999999999999986,2,1.0986122886681098
1.1999999999999993,3,1.3862943611198906
1.3999999999999986,5,1.791759469228055
2.599999999999998,5,1.791759469228055
3.0999999999999996,8,2.1972245773362196
5.300000000000001,1,0.6931471805599453
2.8999999999999986,9,2.302585092994046
3.1999999999999993,8,2.1972245773362196
3.5,3,1.3862943611198906
3.6000000000000014,3,1.3862943611198906
3.6000000000000014,14,2.70805020110221
4.099999999999998,1,0.6931471805599453
0.7999999999999972,15,2.772588722239781
0.8999999999999986,4,1.6094379124341003
0.0,25,3.258096538021482
0.5,18,2.9444389791664403
0.5999999999999979,14,2.70805020110221
0.5,6,1.9459101490553132
0.5,11,2.4849066497880004
0.1999999999999993,6,1.9459101490553132
0.1999999999999993,1,0.6931471805599453
0.1999999999999993,15,2.772588722239781
0.3000000000000007,2,1.0986122886681098
1.0,5,1.791759469228055
8.0,1,0.6931471805599453
3.6999999999999993,3,1.3862943611198906
3.900000000000002,30,3.4339872044851463
4.800000000000001,2,1.0986122886681098
0.5,2,1.0986122886681098
0.20000000000000284,15,2.772588722239781
0.40000000000000213,28,3.367295829986474
8.3,2,1.0986122886681098
9.2,4,1.6094379124341003
3.3999999999999986,1,0.6931471805599453
3.799999999999997,4,1.6094379124341003
4.0,2,1.0986122886681098
3.8000000000000007,1,0.6931471805599453
4.300000000000001,3,1.3862943611198906
4.300000000000001,1,0.6931471805599453
0.10000000000000142,6,1.9459101490553132
0.29999999999999716,3,1.3862943611198906
0.5,3,1.3862943611198906
8.399999999999999,1,0.6931471805599453
8.3,1,0.6931471805599453
8.400000000000002,1,0.6931471805599453
9.700000000000001,1,0.6931471805599453
8.599999999999998,1,0.6931471805599453
5.600000000000001,1,0.6931471805599453
5.399999999999999,1,0.6931471805599453
4.200000000000003,2,1.0986122886681098
4.100000000000001,9,2.302585092994046
4.399999999999999,1,0.6931471805599453
4.5,1,0.6931471805599453
4.5,1,0.6931471805599453
8.7,15,2.772588722239781
10.8,5,1.791759469228055
5.5,1,0.6931471805599453
3.1000000000000014,1,0.6931471805599453
4.899999999999999,2,1.0986122886681098
8.799999999999999,1,0.6931471805599453
9.7,6,1.9459101490553132
10.9,2,1.0986122886681098
10.5,2,1.0986122886681098
9.5,1,0.6931471805599453
8.899999999999999,1,0.6931471805599453
10.100000000000001,1,0.6931471805599453
6.899999999999999,1,0.6931471805599453
3.6999999999999993,5,1.791759469228055
10.1,1,0.6931471805599453
5.999999999999998,3,1.3862943611198906
10.5,2,1.0986122886681098
9.599999999999998,3,1.3862943611198906
9.2,1,0.6931471805599453
1.5999999999999996,1,0.6931471805599453
12.499999999999998,2,1.0986122886681098
10.599999999999998,1,0.6931471805599453
9.7,1,0.6931471805599453
2.3,1,0.6931471805599453
9.4,1,0.6931471805599453
9.5,2,1.0986122886681098
9.9,1,0.6931471805599453
4.899999999999999,1,0.6931471805599453
9.5,1,0.6931471805599453
9.5,1,0.6931471805599453
9.3,2,1.0986122886681098
5.799999999999999,1,0.6931471805599453
9.700000000000001,1,0.6931471805599453
5.800000000000001,3,1.3862943611198906
6.800000000000001,1,0.6931471805599453
10.8,3,1.3862943611198906
12.6,4,1.6094379124341003
9.8,2,1.0986122886681098
7.9,1,0.6931471805599453
13.400000000000002,2,1.0986122886681098
9.600000000000001,3,1.3862943611198906
14.2,1,0.6931471805599453
9.299999999999999,1,0.6931471805599453
6.000000000000002,1,0.6931471805599453
8.7,1,0.6931471805599453
12.200000000000001,1,0.6931471805599453
10.299999999999999,1,0.6931471805599453
8.8,2,1.0986122886681098
8.7,1,0.6931471805599453
9.100000000000001,1,0.6931471805599453
9.5,1,0.6931471805599453
7.100000000000001,4,1.6094379124341003
11.499999999999998,1,0.6931471805599453
10.899999999999999,1,0.6931471805599453
10.099999999999998,2,1.0986122886681098
9.0,1,0.6931471805599453
10.5,1,0.6931471805599453
9.999999999999998,2,1.0986122886681098
7.9,1,0.6931471805599453
8.000000000000002,1,0.6931471805599453
7.399999999999999,4,1.6094379124341003
7.800000000000001,2,1.0986122886681098
7.100000000000001,1,0.6931471805599453
6.5,5,1.791759469228055
7.200000000000001,9,2.302585092994046
7.9,2,1.0986122886681098
8.299999999999999,3,1.3862943611198906
9.3,1,0.6931471805599453
7.800000000000001,3,1.3862943611198906
10.099999999999998,1,0.6931471805599453
10.4,1,0.6931471805599453
9.9,1,0.6931471805599453
9.600000000000001,2,1.0986122886681098
8.7,1,0.6931471805599453
8.0,1,0.6931471805599453
7.500000000000002,1,0.6931471805599453
7.0,1,0.6931471805599453
6.499999999999998,3,1.3862943611198906
7.4,7,2.0794415416798357
7.899999999999999,6,1.9459101490553132
9.0,4,1.6094379124341003
8.000000000000002,3,1.3862943611198906
8.1,1,0.6931471805599453
6.800000000000001,1,0.6931471805599453
7.699999999999999,1,0.6931471805599453
8.5,1,0.6931471805599453
8.2,1,0.6931471805599453
7.700000000000001,3,1.3862943611198906
7.6,3,1.3862943611198906
7.6,1,0.6931471805599453
8.200000000000001,1,0.6931471805599453
6.700000000000001,1,0.6931471805599453
9.1,2,1.0986122886681098
8.4,1,0.6931471805599453
8.600000000000001,3,1.3862943611198906
8.3,2,1.0986122886681098
7.800000000000001,3,1.3862943611198906
7.6,4,1.6094379124341003
7.600000000000001,6,1.9459101490553132
7.6,2,1.0986122886681098
9.1,1,0.6931471805599453
8.9,1,0.6931471805599453
8.5,1,0.6931471805599453
8.0,2,1.0986122886681098
6.700000000000001,2,1.0986122886681098
7.700000000000001,2,1.0986122886681098
7.600000000000001,1,0.6931471805599453
6.9,1,0.6931471805599453
7.9,1,0.6931471805599453
4.299999999999999,1,0.6931471805599453
4.700000000000001,2,1.0986122886681098
4.800000000000001,1,0.6931471805599453
7.999999999999998,1,0.6931471805599453
8.7,1,0.6931471805599453
2.000000000000001,1,0.6931471805599453
0.1999999999999993,1,0.6931471805599453
1.4000000000000021,3,1.3862943611198906
1.3000000000000007,1,0.6931471805599453
5.299999999999999,3,1.3862943611198906
8.899999999999999,7,2.0794415416798357
3.700000000000001,1,0.6931471805599453
4.299999999999999,5,1.791759469228055
4.4,3,1.3862943611198906
8.600000000000001,1,0.6931471805599453
4.0,1,0.6931471805599453
3.6999999999999993,1,0.6931471805599453
8.2,2,1.0986122886681098
5.800000000000001,4,1.6094379124341003
7.0,1,0.6931471805599453
9.299999999999999,1,0.6931471805599453
9.2,2,1.0986122886681098
10.499999999999998,9,2.302585092994046
8.3,1,0.6931471805599453
9.099999999999998,2,1.0986122886681098
9.1,2,1.0986122886681098
8.399999999999999,1,0.6931471805599453
9.3,1,0.6931471805599453
8.700000000000001,2,1.0986122886681098
8.8,1,0.6931471805599453
8.9,1,0.6931471805599453
7.6,3,1.3862943611198906
14.8,2,1.0986122886681098
11.000000000000002,1,0.6931471805599453
5.499999999999999,2,1.0986122886681098
5.2,1,0.6931471805599453
4.6,3,1.3862943611198906
8.8,2,1.0986122886681098
9.5,2,1.0986122886681098
10.600000000000001,1,0.6931471805599453
4.6,2,1.0986122886681098
8.4,2,1.0986122886681098
7.999999999999999,2,1.0986122886681098
8.7,1,0.6931471805599453
5.199999999999999,2,1.0986122886681098
7.9,1,0.6931471805599453
